{"id": "a3cloud_net", "name": "a3cloud.net", "category": "unknown", "website_url": null, "ghostery_id": null, "company_id": null, "iab_vendor": null, "truste_type": null, "description": null, "privacy_url": null, "domains": ["a3cloud.net"], "overview": {"bad_qs": 0.0, "beacon": 0.0, "content_length": 624.8903984473112, "cookies": 0.1733788103664802, "font": 0.0, "has_blocking": 0.0002140655325950451, "hosts": 1.0, "https": 1.0021977394679755, "iframe": 0.04603836054344103, "image": 0.03837481447653842, "media": 0.0, "plugin": 0.0, "reach": 0.0001687257417918931, "reach_rank": 943, "referer_leaked": 0.8146477908437036, "referer_leaked_header": 0.8130779769380067, "referer_leaked_url": 0.01895193515241466, "requests": 1.3537646991665715, "requests_failed": 0.32425219773946795, "requests_tracking": 0.1865367051033223, "script": 0.9310280853978764, "site_reach": 0.00020533404869066424, "site_reach_rank": 819, "stylesheet": 0.0, "tracked": 0.1733788103664802, "xhr": 0.002326178787532823}, "date_range": ["2017-09", "2018-11"]}