{"id": "ad-delivery.net", "name": "ad-delivery.net", "category": "unknown", "website_url": null, "ghostery_id": null, "company_id": null, "iab_vendor": null, "truste_type": null, "description": null, "privacy_url": null, "domains": ["ad-delivery.net"], "overview": {"bad_qs": 0.0, "beacon": 0.0, "content_length": 2.8470346638514403, "cookies": 1.032984219100085e-06, "font": 0.0, "has_blocking": 0.9303179835321655, "hosts": 1.0, "https": 0.9999731424103034, "iframe": 0.0, "image": 0.9982036404429848, "media": 0.0, "plugin": 0.0, "reach": 0.002331004682765386, "reach_rank": 266, "referer_leaked": 0.05196220517339157, "referer_leaked_header": 0.05196220517339157, "referer_leaked_url": 0.0, "requests": 2.051092432460909, "requests_failed": 1.9636565162194015, "requests_tracking": 1.032984219100085e-06, "script": 0.9986488566414172, "site_reach": 0.0004007325788962964, "site_reach_rank": 648, "stylesheet": 0.0, "tracked": 1.032984219100085e-06, "xhr": 0.00026237799165142157}, "date_range": ["2018-07", "2018-11"]}