{"id": "adnetworkperformance.com", "name": "adnetworkperformance.com", "category": "unknown", "website_url": null, "ghostery_id": "", "company_id": null, "iab_vendor": null, "truste_type": null, "description": null, "privacy_url": null, "domains": ["adnetworkperformance.com"], "overview": {"bad_qs": 0.0, "beacon": 0.0, "content_length": 74.560530748059, "cookies": 0.06535759766668035, "font": 0.0, "has_blocking": 0.862876391570472, "hosts": 1.0, "https": 0.7142505032247464, "iframe": 0.03216530419422421, "image": 0.00028755699790494185, "media": 0.0, "plugin": 0.0, "reach": 5.8615291877498205e-05, "reach_rank": 1043, "referer_leaked": 0.06954771392186665, "referer_leaked_header": 0.06617918908926591, "referer_leaked_url": 0.04321570882799984, "requests": 2.954442755617632, "requests_failed": 2.3505730600172536, "requests_tracking": 0.18333812594996507, "script": 0.9953169288912624, "site_reach": 9.49393988569738e-05, "site_reach_rank": 965, "stylesheet": 0.0, "tracked": 0.06535759766668035, "xhr": 0.0003286365690342193}, "date_range": ["2017-05", "2018-11"]}