{"id": "adomik", "name": "Adomik", "category": "advertising", "website_url": null, "ghostery_id": "c_m2", "company_id": null, "iab_vendor": null, "truste_type": null, "description": null, "privacy_url": null, "domains": ["adomik.com"], "overview": {"bad_qs": 0.0, "beacon": 0.0, "content_length": 3.600533998450745, "cookies": 1.4650163257756806e-05, "font": 0.0, "has_blocking": 0.5276164733760752, "hosts": 1.0, "https": 0.9974600279451864, "iframe": 0.0, "image": 0.5986148270639791, "media": 0.0, "plugin": 0.0, "reach": 0.001314874658844578, "reach_rank": 434, "referer_leaked": 0.12801495781668618, "referer_leaked_header": 0.12801495781668618, "referer_leaked_url": 0.0, "requests": 2.084183500619885, "requests_failed": 1.2049667715984609, "requests_tracking": 1.4650163257756806e-05, "script": 0.4016543696858822, "site_reach": 0.00010045913134865833, "site_reach_rank": 954, "stylesheet": 7.325081628878403e-06, "tracked": 1.4650163257756806e-05, "xhr": 0.0004706364946554373}, "date_range": ["2017-05", "2018-11"]}