{"id": "adskeeper", "name": "AdsKeeper", "category": "advertising", "website_url": null, "ghostery_id": "2632", "company_id": "adskeeper", "iab_vendor": null, "truste_type": null, "description": null, "privacy_url": null, "domains": ["adskeeper.co.uk"], "overview": {"bad_qs": 0.01224436628891494, "beacon": 0.0, "content_length": 6422.267938197012, "cookies": 0.051049087684492137, "font": 0.002287051231951584, "has_blocking": 0.8845602749471448, "hosts": 1.0, "https": 0.6932495666376088, "iframe": 0.058488892896864764, "image": 0.11517169166641615, "media": 0.0, "plugin": 0.0, "reach": 0.0009612397395006694, "reach_rank": 530, "referer_leaked": 0.06504944840232063, "referer_leaked_header": 0.057216360557509435, "referer_leaked_url": 0.04877205639222052, "requests": 1.9940381358904218, "requests_failed": 1.5435341329245198, "requests_tracking": 0.4047629783268705, "script": 0.8594678410035972, "site_reach": 0.0008632861616994594, "site_reach_rank": 481, "stylesheet": 0.0, "tracked": 0.05278504223404575, "xhr": 0.009105620184166493}, "date_range": ["2017-09", "2018-11"]}