{"id": "adspyglass", "name": "AdSpyglass", "category": "advertising", "website_url": null, "ghostery_id": "2835", "company_id": "adspyglass", "iab_vendor": null, "truste_type": null, "description": null, "privacy_url": null, "domains": ["o333o.com"], "overview": {"bad_qs": 0.0, "beacon": 0.0, "content_length": 310.1204748879225, "cookies": 0.12816906506440254, "font": 0.0, "has_blocking": 0.7549083989596315, "hosts": 1.0, "https": 0.7336046289162482, "iframe": 0.7884721784139033, "image": 0.06139312177793405, "media": 0.00010341635943389884, "plugin": 0.0005687899768864438, "reach": 0.00046566927420880783, "reach_rank": 750, "referer_leaked": 0.0699301422492024, "referer_leaked_header": 0.06967160135061766, "referer_leaked_url": 0.005010522614572399, "requests": 4.988158826844819, "requests_failed": 4.28280237650794, "requests_tracking": 0.6609753196858211, "script": 0.19338342132341915, "site_reach": 0.0008831571986695238, "site_reach_rank": 476, "stylesheet": 0.0, "tracked": 0.12816906506440254, "xhr": 0.03409637370535645}, "date_range": ["2017-05", "2018-11"]}