{"id": "adtrue", "name": "Adtrue", "category": "advertising", "website_url": null, "ghostery_id": "2730", "company_id": "adtrue", "iab_vendor": null, "truste_type": null, "description": null, "privacy_url": null, "domains": ["adtrue.com"], "overview": {"bad_qs": 0.0, "beacon": 0.0, "content_length": 974.1157346478999, "cookies": 0.0704869398407352, "font": 0.0, "has_blocking": 0.8770382101670718, "hosts": 1.0, "https": 0.8012424438446608, "iframe": 0.08446164484396958, "image": 0.005671298878008521, "media": 1.6729495215364367e-05, "plugin": 0.0, "reach": 0.000431792654998993, "reach_rank": 769, "referer_leaked": 0.09134862037429456, "referer_leaked_header": 0.057978853918047774, "referer_leaked_url": 0.08698222212308447, "requests": 4.021848720751266, "requests_failed": 2.2807042002185987, "requests_tracking": 1.4635241239321006, "script": 0.9824953715063236, "site_reach": 0.0001655919747505357, "site_reach_rank": 878, "stylesheet": 2.2305993620485824e-05, "tracked": 0.0704869398407352, "xhr": 0.03627512212531507}, "date_range": ["2018-01", "2018-11"]}