{"id": "aemediatraffic", "name": "Aemediatraffic", "category": "site_analytics", "website_url": null, "ghostery_id": "aemediatraffic.com", "company_id": null, "iab_vendor": null, "truste_type": null, "description": null, "privacy_url": null, "domains": ["aemediatraffic.com", "hprofits.com"], "overview": {"bad_qs": 0.0, "beacon": 0.0, "content_length": 226.53299719887954, "cookies": 0.5697852474323063, "font": 0.0, "has_blocking": 0.23772175536881415, "hosts": 1.0, "https": 0.7112231559290383, "iframe": 0.2690569561157796, "image": 0.0, "media": 0.0, "plugin": 0.0, "reach": 6.447128291582854e-05, "reach_rank": 1037, "referer_leaked": 0.08085901027077498, "referer_leaked_header": 0.03551820728291317, "referer_leaked_url": 0.05004668534080299, "requests": 19.052287581699343, "requests_failed": 9.919178338001867, "requests_tracking": 4.549393090569562, "script": 0.8486274509803922, "site_reach": 0.00025059585512247727, "site_reach_rank": 770, "stylesheet": 0.0, "tracked": 0.5697852474323063, "xhr": 0.5602240896358543}, "date_range": ["2017-11", "2018-11"]}