{"id": "afgr2.com", "name": "afgr2.com", "category": "pornvertising", "website_url": null, "ghostery_id": null, "company_id": null, "iab_vendor": null, "truste_type": null, "description": null, "privacy_url": null, "domains": ["afgr2.com"], "overview": {"bad_qs": 0.0, "beacon": 0.013601419278533413, "content_length": 2.2513305736250744, "cookies": 0.07806031933767002, "font": 0.0, "has_blocking": 0.8480189237137788, "hosts": 1.0, "https": 0.7261975162625666, "iframe": 0.5748078060319338, "image": 0.05026611472501479, "media": 0.0, "plugin": 0.0, "reach": 4.071743768839069e-06, "reach_rank": 1100, "referer_leaked": 0.06150206978119456, "referer_leaked_header": 0.057362507392075684, "referer_leaked_url": 0.059727971614429325, "requests": 2.5623891188645773, "requests_failed": 2.3228858663512715, "requests_tracking": 0.2046126552335896, "script": 0.4695446481371969, "site_reach": 1.1039464983369046e-05, "site_reach_rank": 1093, "stylesheet": 0.0, "tracked": 0.07806031933767002, "xhr": 0.0017740981667652273}, "date_range": ["2017-11", "2018-11"]}