{"id": "algovid.com", "name": "algovid.com", "category": "unknown", "website_url": null, "ghostery_id": null, "company_id": null, "iab_vendor": null, "truste_type": null, "description": null, "privacy_url": null, "domains": ["algovid.com"], "overview": {"bad_qs": 0.0, "beacon": 0.0, "content_length": 96574.81010747864, "cookies": 0.017121122509330452, "font": 0.0, "has_blocking": 0.6524483511104766, "hosts": 1.0, "https": 1.1383863928374771, "iframe": 0.00019374706830094015, "image": 0.18790406460954867, "media": 0.0, "plugin": 0.0005812412049028205, "reach": 0.0002361322439000426, "reach_rank": 896, "referer_leaked": 0.16958986804804926, "referer_leaked_header": 0.13299206656741375, "referer_leaked_url": 0.16811127200048948, "requests": 12.341025431852016, "requests_failed": 2.302541145758979, "requests_tracking": 0.09553769910060572, "script": 0.8937450288581159, "site_reach": 0.00037423786293621053, "site_reach_rank": 664, "stylesheet": 0.0, "tracked": 0.017121122509330452, "xhr": 0.1495421450859625}, "date_range": ["2017-06", "2018-11"]}