{"id": "alibaba.com", "name": "Alibaba", "category": "misc", "website_url": null, "ghostery_id": "", "company_id": "alibaba", "iab_vendor": null, "truste_type": null, "description": null, "privacy_url": null, "domains": ["alibaba.com", "alicdn.com"], "overview": {"bad_qs": 0.03222082369367808, "beacon": 0.0, "content_length": 2997867.5216385205, "cookies": 0.6579136049083256, "font": 0.5054166369408575, "has_blocking": 0.062103670033326876, "hosts": 1.6776788899193835, "https": 1.7349185682691426, "iframe": 0.6936765560187119, "image": 0.8764811096729481, "media": 0.01998848337223168, "plugin": 0.003312559239291065, "reach": 0.00945039448503183, "reach_rank": 91, "referer_leaked": 0.872911209857418, "referer_leaked_header": 0.8708573263078506, "referer_leaked_url": 0.08344459279038717, "requests": 84.97657436378277, "requests_failed": 23.18544038361581, "requests_tracking": 11.427728064900785, "script": 0.9119538519552788, "site_reach": 0.002927666113589471, "site_reach_rank": 213, "stylesheet": 0.8431593269397365, "tracked": 0.6609611797918854, "xhr": 0.2587804095027467}, "date_range": ["2017-05", "2018-11"]}