{"id": "amgload.net", "name": "amgload.net", "category": "unknown", "website_url": null, "ghostery_id": null, "company_id": null, "iab_vendor": null, "truste_type": null, "description": null, "privacy_url": null, "domains": ["amgload.net"], "overview": {"bad_qs": 0.0, "beacon": 0.0, "content_length": 50245.95529547938, "cookies": 0.0923413285319272, "font": 0.0, "has_blocking": 0.07236190598675328, "hosts": 1.0, "https": 0.8297601440421838, "iframe": 0.0, "image": 0.0, "media": 0.0, "plugin": 0.0, "reach": 0.0003744511374879737, "reach_rank": 799, "referer_leaked": 0.7917947398881101, "referer_leaked_header": 0.7917947398881101, "referer_leaked_url": 0.0, "requests": 7.7491158124879425, "requests_failed": 2.3786444601633336, "requests_tracking": 0.2181917561571603, "script": 0.0, "site_reach": 0.00026384321310252016, "site_reach_rank": 757, "stylesheet": 0.0, "tracked": 0.0923413285319272, "xhr": 0.9997942254517396}, "date_range": ["2018-04", "2018-11"]}