{"id": "apicit.net", "name": "apicit.net", "category": "advertising", "website_url": null, "ghostery_id": "", "company_id": null, "iab_vendor": null, "truste_type": null, "description": null, "privacy_url": null, "domains": ["apicit.net"], "overview": {"bad_qs": 0.0, "beacon": 0.0, "content_length": 166.38492913385824, "cookies": 0.5699055118110237, "font": 0.0, "has_blocking": 0.0029291338582677164, "hosts": 1.0, "https": 0.8599527559055118, "iframe": 0.004362204724409449, "image": 0.0006141732283464567, "media": 0.0, "plugin": 0.0, "reach": 0.00015290108179851026, "reach_rank": 956, "referer_leaked": 0.6300629921259843, "referer_leaked_header": 0.5922204724409449, "referer_leaked_url": 0.3013700787401575, "requests": 1.839763779527559, "requests_failed": 0.6084881889763779, "requests_tracking": 0.9047716535433072, "script": 0.9865826771653544, "site_reach": 0.0006369771295403941, "site_reach_rank": 546, "stylesheet": 0.0, "tracked": 0.5699055118110237, "xhr": 0.008188976377952756}, "date_range": ["2018-05", "2018-11"]}