{"id": "ask.com", "name": "Ask.com", "category": "social_media", "website_url": null, "ghostery_id": "c_679", "company_id": null, "iab_vendor": null, "truste_type": null, "description": null, "privacy_url": null, "domains": ["ask.com"], "overview": {"bad_qs": 0.0024538075963171915, "beacon": 0.0, "content_length": 902.6621085967157, "cookies": 0.7337304167278371, "font": 0.0, "has_blocking": 0.04125332941842663, "hosts": 1.0, "https": 0.28239760072146136, "iframe": 0.6479939598582245, "image": 0.11665023804030955, "media": 0.0, "plugin": 0.0, "reach": 0.00011481065324779166, "reach_rank": 988, "referer_leaked": 0.909691491369728, "referer_leaked_header": 0.9095866277972358, "referer_leaked_url": 0.07768293450221263, "requests": 3.7562341393846608, "requests_failed": 0.6018539879616619, "requests_tracking": 1.6320546968394118, "script": 0.09542585096789076, "site_reach": 9.49393988569738e-05, "site_reach_rank": 965, "stylesheet": 0.006354732493026573, "tracked": 0.7341498710178058, "xhr": 0.16522304481869088}, "date_range": ["2017-05", "2018-11"]}