{"id": "autoscout24.com", "name": "Autoscout24", "category": "misc", "website_url": null, "ghostery_id": "", "company_id": "scout24", "iab_vendor": null, "truste_type": null, "description": null, "privacy_url": null, "domains": ["autoscout24.com", "autoscout24.net"], "overview": {"bad_qs": 0.0, "beacon": 0.0, "content_length": 257979.0804588731, "cookies": 0.016817543312002498, "font": 0.0, "has_blocking": 0.011823006087092244, "hosts": 1.1331746527235835, "https": 1.1020368347120335, "iframe": 0.006165131886998595, "image": 0.6286873731855783, "media": 0.0, "plugin": 0.0, "reach": 6.170943187924759e-05, "reach_rank": 1040, "referer_leaked": 0.87248322147651, "referer_leaked_header": 0.87248322147651, "referer_leaked_url": 0.0, "requests": 17.426993912907758, "requests_failed": 4.369907913219916, "requests_tracking": 0.21897924145465894, "script": 0.3777899172779772, "site_reach": 9.49393988569738e-05, "site_reach_rank": 965, "stylesheet": 0.005657874200093648, "tracked": 0.016817543312002498, "xhr": 0.12552676759793974}, "date_range": ["2017-05", "2018-11"]}