{"id": "bahn_de", "name": "Deutsche Bahn", "category": "misc", "website_url": null, "ghostery_id": null, "company_id": null, "iab_vendor": null, "truste_type": null, "description": null, "privacy_url": null, "domains": ["bahn.de", "img-bahn.de"], "overview": {"bad_qs": 0.0, "beacon": 0.0, "content_length": 195590.13804178892, "cookies": 0.02045776438378203, "font": 0.2073499711275759, "has_blocking": 0.2689214928623346, "hosts": 1.0038439107913917, "https": 1.0041972747879098, "iframe": 0.002594208852486332, "image": 0.7929516810645737, "media": 0.0, "plugin": 0.0, "reach": 0.0008381459410341868, "reach_rank": 568, "referer_leaked": 0.7429406204841948, "referer_leaked_header": 0.7426217310239225, "referer_leaked_url": 0.004303571274667249, "requests": 31.582188730848678, "requests_failed": 8.477164929054277, "requests_tracking": 0.10276284679228803, "script": 0.9686482821625876, "site_reach": 8.169204087693094e-05, "site_reach_rank": 984, "stylesheet": 0.7905901753317456, "tracked": 0.02045776438378203, "xhr": 0.004906875658966396}, "date_range": ["2017-05", "2018-11"]}