{"id": "bangdom.com", "name": "BangBros", "category": "pornvertising", "website_url": null, "ghostery_id": "bangdom.com", "company_id": null, "iab_vendor": null, "truste_type": null, "description": null, "privacy_url": null, "domains": ["bangdom.com"], "overview": {"bad_qs": 0.0, "beacon": 0.0, "content_length": 3.214257545178277, "cookies": 0.0679935973275802, "font": 0.0, "has_blocking": 0.8450657665808338, "hosts": 1.0, "https": 0.9985385204259171, "iframe": 0.0, "image": 0.0, "media": 0.0, "plugin": 0.0, "reach": 0.00041518783830478, "reach_rank": 775, "referer_leaked": 0.08714941888788362, "referer_leaked_header": 0.08714941888788362, "referer_leaked_url": 0.0, "requests": 1.0594393022014983, "requests_failed": 0.963468810170042, "requests_tracking": 0.08317674623611014, "script": 0.9992460621244809, "site_reach": 3.6430234445117855e-05, "site_reach_rank": 1050, "stylesheet": 0.0, "tracked": 0.0679935973275802, "xhr": 7.539378755190573e-05}, "date_range": ["2017-05", "2018-11"]}