{"id": "baur.de", "name": "baur.de", "category": "misc", "website_url": null, "ghostery_id": "baur.de", "company_id": null, "iab_vendor": null, "truste_type": null, "description": null, "privacy_url": null, "domains": ["baur.de"], "overview": {"bad_qs": 0.0, "beacon": 0.0, "content_length": 5718.347991062762, "cookies": 0.8000592992104028, "font": 0.00012706973657737665, "has_blocking": 0.001062444186383066, "hosts": 1.0, "https": 1.0020189969256184, "iframe": 0.0001800154601512836, "image": 0.9995305479176448, "media": 0.0, "plugin": 0.0, "reach": 0.0006821772060354983, "reach_rank": 640, "referer_leaked": 0.6753968281981865, "referer_leaked_header": 0.6753932984832816, "referer_leaked_url": 1.0589144714781387e-05, "requests": 1.9078285546876383, "requests_failed": 0.6465943545739811, "requests_tracking": 1.1922776897310003, "script": 0.0001941343197709921, "site_reach": 3.863812744179166e-05, "site_reach_rank": 1048, "stylesheet": 0.00027531776258431614, "tracked": 0.8000592992104028, "xhr": 0.0001941343197709921}, "date_range": ["2017-09", "2018-11"]}