{"id": "belboon_gmbh", "name": "belboon GmbH", "category": "misc", "website_url": null, "ghostery_id": "c_2583", "company_id": null, "iab_vendor": null, "truste_type": null, "description": null, "privacy_url": null, "domains": ["belboon.de"], "overview": {"bad_qs": 0.009996195477840523, "beacon": 0.0, "content_length": 2968.828251933965, "cookies": 0.15218088637906468, "font": 0.0, "has_blocking": 0.02155149905632931, "hosts": 1.0, "https": 0.9842522621987154, "iframe": 0.05139088854242042, "image": 0.0969108772034524, "media": 0.0, "plugin": 0.0028795010854077924, "reach": 0.00032278020340428506, "reach_rank": 838, "referer_leaked": 0.6289621114352001, "referer_leaked_header": 0.6289621114352001, "referer_leaked_url": 0.0003431529790900478, "requests": 2.7839851996628147, "requests_failed": 1.1256089100417006, "requests_tracking": 0.7709976053889938, "script": 0.887997851563957, "site_reach": 0.0005309982657000511, "site_reach_rank": 581, "stylesheet": 0.0, "tracked": 0.1591260042819524, "xhr": 0.00036553252120461615}, "date_range": ["2017-05", "2018-11"]}