{"id": "bigpoint", "name": "Bigpoint", "category": "misc", "website_url": null, "ghostery_id": "c_1959", "company_id": null, "iab_vendor": null, "truste_type": null, "description": null, "privacy_url": null, "domains": ["bigpoint-payment.com", "bigpoint.com", "bigpoint.net", "bpcdn.net", "bpsecure.com"], "overview": {"bad_qs": 8.530239699735562e-05, "beacon": 0.0, "content_length": 21683776.313507635, "cookies": 0.6208308453467543, "font": 0.0047769342318519144, "has_blocking": 0.002409792715175297, "hosts": 2.832530069094941, "https": 1.8384372600870085, "iframe": 0.02851232619636612, "image": 0.9389874605476414, "media": 0.0, "plugin": 0.4218843299496716, "reach": 0.000112910827207807, "reach_rank": 992, "referer_leaked": 0.9225454235264012, "referer_leaked_header": 0.9222681907361596, "referer_leaked_url": 0.30589439563251725, "requests": 275.3175381728226, "requests_failed": 84.51328584833234, "requests_tracking": 69.7838437260087, "script": 0.8282222980465751, "site_reach": 4.636575293014999e-05, "site_reach_rank": 1035, "stylesheet": 0.8466689413972532, "tracked": 0.6208948221445023, "xhr": 0.8006909494156785}, "date_range": ["2018-11", "2018-11"]}