{"id": "bodelen.com", "name": "bodelen.com", "category": "advertising", "website_url": null, "ghostery_id": null, "company_id": null, "iab_vendor": null, "truste_type": null, "description": null, "privacy_url": null, "domains": ["bodelen.com"], "overview": {"bad_qs": 0.0, "beacon": 0.0, "content_length": 22.449783943257312, "cookies": 0.03191027338003523, "font": 0.0, "has_blocking": 0.9202796123304984, "hosts": 1.0, "https": 0.8145955516848509, "iframe": 3.686385372422842e-05, "image": 0.0014538182312492586, "media": 0.0, "plugin": 0.0, "reach": 0.0020901914986603625, "reach_rank": 288, "referer_leaked": 0.029458827107374037, "referer_leaked_header": 0.029439243185083043, "referer_leaked_url": 0.0007096291841913972, "requests": 1.6781175012297551, "requests_failed": 1.639579798147361, "requests_tracking": 0.03716337253573778, "script": 0.9994942740067208, "site_reach": 0.0015764355996250995, "site_reach_rank": 333, "stylesheet": 0.0, "tracked": 0.03191027338003523, "xhr": 0.0002350070674919562}, "date_range": ["2018-11", "2018-11"]}