{"id": "bongacams.com", "name": "bongacams.com", "category": "pornvertising", "website_url": null, "ghostery_id": "bongacams.com", "company_id": null, "iab_vendor": null, "truste_type": null, "description": null, "privacy_url": null, "domains": ["bongacams.com"], "overview": {"bad_qs": 0.036960782372854516, "beacon": 0.0, "content_length": 530463.5440678637, "cookies": 0.17133213232237246, "font": 0.00010888286183754677, "has_blocking": 0.6225724071031221, "hosts": 1.0, "https": 0.7713360916991665, "iframe": 0.4484489141409142, "image": 0.0692989923386059, "media": 0.051491695207174386, "plugin": 0.0012571021321244036, "reach": 0.0002432596014138, "reach_rank": 890, "referer_leaked": 0.18915922633777446, "referer_leaked_header": 0.18915922633777446, "referer_leaked_url": 0.0, "requests": 2.6339556153861383, "requests_failed": 1.6593055253103162, "requests_tracking": 0.6255716350246471, "script": 0.4738681131589888, "site_reach": 0.0003466392004777881, "site_reach_rank": 684, "stylesheet": 0.0036426266505652006, "tracked": 0.20619444499435788, "xhr": 0.001831211767267832}, "date_range": ["2017-06", "2018-11"]}