{"id": "booking.com", "name": "Booking.com", "category": "misc", "website_url": null, "ghostery_id": "c_1707", "company_id": null, "iab_vendor": null, "truste_type": null, "description": null, "privacy_url": null, "domains": ["booking.com", "bstatic.com"], "overview": {"bad_qs": 0.011653990230074159, "beacon": 0.000616948037156091, "content_length": 1929336.044398112, "cookies": 0.14380742362499685, "font": 0.4421619124756385, "has_blocking": 0.035067959199169815, "hosts": 1.110962059277633, "https": 1.8304057303399224, "iframe": 0.12539073375686552, "image": 0.905782543218001, "media": 3.163836087979954e-06, "plugin": 0.07796324888000203, "reach": 0.0015221338811407476, "reach_rank": 377, "referer_leaked": 0.2564463160292592, "referer_leaked_header": 0.2563387456022678, "referer_leaked_url": 0.000957060416613936, "requests": 109.4867229618568, "requests_failed": 35.18277639272065, "requests_tracking": 2.512603141056468, "script": 0.84847598015642, "site_reach": 0.0010332939224433426, "site_reach_rank": 436, "stylesheet": 0.8642034093497684, "tracked": 0.14447182920347262, "xhr": 0.051779341415879934}, "date_range": ["2017-05", "2018-11"]}