{"id": "boudja.com", "name": "boudja.com", "category": "unknown", "website_url": null, "ghostery_id": null, "company_id": null, "iab_vendor": null, "truste_type": null, "description": null, "privacy_url": null, "domains": ["boudja.com"], "overview": {"bad_qs": 0.0, "beacon": 0.0, "content_length": 733.1787386770409, "cookies": 0.13054575315711212, "font": 0.0, "has_blocking": 0.8205479408622095, "hosts": 1.0, "https": 0.9142165954869864, "iframe": 0.8482176544630771, "image": 0.1417569491342712, "media": 0.0, "plugin": 0.0, "reach": 0.0007594464298924147, "reach_rank": 608, "referer_leaked": 0.12293951470993884, "referer_leaked_header": 0.12293951470993884, "referer_leaked_url": 0.0, "requests": 1.3061106725132292, "requests_failed": 1.079711730221085, "requests_tracking": 0.1969156528714422, "script": 0.0, "site_reach": 0.0008257519807560046, "site_reach_rank": 493, "stylesheet": 0.0, "tracked": 0.13054575315711212, "xhr": 0.13925852650135226}, "date_range": ["2018-05", "2018-11"]}