{"id": "brightonclick.com", "name": "brightonclick.com", "category": "advertising", "website_url": null, "ghostery_id": null, "company_id": null, "iab_vendor": null, "truste_type": null, "description": null, "privacy_url": null, "domains": ["brightonclick.com"], "overview": {"bad_qs": 0.0, "beacon": 0.0, "content_length": 2.458249323825916, "cookies": 0.01581017949348414, "font": 0.0, "has_blocking": 0.9592328497664124, "hosts": 1.0, "https": 0.0008359970494221785, "iframe": 0.010917137939513157, "image": 0.0, "media": 0.0, "plugin": 0.0, "reach": 9.792892908260492e-05, "reach_rank": 1002, "referer_leaked": 0.014777477255962628, "referer_leaked_header": 0.013548069830341777, "referer_leaked_url": 0.007941971969510695, "requests": 2.0759527907548563, "requests_failed": 2.000295057782149, "requests_tracking": 0.04612736660929432, "script": 0.9999508237029752, "site_reach": 5.5197324916845226e-05, "site_reach_rank": 1020, "stylesheet": 0.0, "tracked": 0.01581017949348414, "xhr": 0.0}, "date_range": ["2017-10", "2018-11"]}