{"id": "bumlam.com", "name": "bumlam.com", "category": "unknown", "website_url": null, "ghostery_id": null, "company_id": null, "iab_vendor": null, "truste_type": null, "description": null, "privacy_url": null, "domains": ["bumlam.com"], "overview": {"bad_qs": 7.676040391324541e-06, "beacon": 1.1514060586986806e-05, "content_length": 18.47510084398064, "cookies": 0.3682925799555557, "font": 0.0, "has_blocking": 0.058161358045066024, "hosts": 1.0, "https": 0.9796085987004464, "iframe": 0.0019266861382224595, "image": 0.99104589888352, "media": 0.0, "plugin": 0.0, "reach": 0.0006273784214753331, "reach_rank": 675, "referer_leaked": 0.7954527136721793, "referer_leaked_header": 0.7954527136721793, "referer_leaked_url": 0.0, "requests": 1.6428108124704952, "requests_failed": 0.3824970926997018, "requests_tracking": 0.5390307463797874, "script": 0.011629201192856677, "site_reach": 0.0010145268319716153, "site_reach_rank": 440, "stylesheet": 0.0, "tracked": 0.3682925799555557, "xhr": 0.00014584476743516623}, "date_range": ["2017-10", "2018-11"]}