{"id": "bunchbox", "name": "Bunchbox", "category": "site_analytics", "website_url": null, "ghostery_id": "2366", "company_id": "bunchbox", "iab_vendor": null, "truste_type": null, "description": null, "privacy_url": null, "domains": ["bunchbox.co"], "overview": {"bad_qs": 0.0, "beacon": 0.016804560389533273, "content_length": 30692.020901785363, "cookies": 0.004295158544792368, "font": 0.0, "has_blocking": 0.03194647876172756, "hosts": 1.0, "https": 1.3094097620838447, "iframe": 0.0, "image": 0.2291081113178417, "media": 0.0, "plugin": 0.0, "reach": 0.00012165147172636749, "reach_rank": 981, "referer_leaked": 0.8619215391314675, "referer_leaked_header": 0.8599619967538894, "referer_leaked_url": 0.20783025216737264, "requests": 2.1108032144412334, "requests_failed": 0.7325323621392661, "requests_tracking": 0.01353865642690313, "script": 0.9797316020743438, "site_reach": 5.630127141518213e-05, "site_reach_rank": 1016, "stylesheet": 0.0004156605043347453, "tracked": 0.004295158544792368, "xhr": 0.000237520288191283}, "date_range": ["2017-05", "2018-11"]}