{"id": "cdn-net.com", "name": "cdn-net.com", "category": "unknown", "website_url": null, "ghostery_id": "cdn-net.com", "company_id": null, "iab_vendor": null, "truste_type": null, "description": null, "privacy_url": null, "domains": ["cdn-net.com"], "overview": {"bad_qs": 0.011385423817075769, "beacon": 0.0, "content_length": 18864.62424550856, "cookies": 0.5795914502804933, "font": 0.0, "has_blocking": 0.0, "hosts": 1.0, "https": 1.4822354250005918, "iframe": 0.5687031031789239, "image": 0.0011361753497289748, "media": 0.0, "plugin": 0.08789973252538642, "reach": 0.0002034523465430445, "reach_rank": 920, "referer_leaked": 0.6005041778114423, "referer_leaked_header": 0.6005041778114423, "referer_leaked_url": 0.0, "requests": 3.2725400620162377, "requests_failed": 0.96838828792577, "requests_tracking": 1.3354794423272658, "script": 0.8282008189930646, "site_reach": 0.00025611558761416193, "site_reach_rank": 766, "stylesheet": 0.0, "tracked": 0.5801832082751438, "xhr": 0.001455724666840249}, "date_range": ["2017-06", "2018-11"]}