{"id": "cdn13.com", "name": "cdn13.com", "category": "misc", "website_url": null, "ghostery_id": "cdn13.com", "company_id": null, "iab_vendor": null, "truste_type": null, "description": null, "privacy_url": null, "domains": ["cdn13.com"], "overview": {"bad_qs": 0.0, "beacon": 0.0, "content_length": 199691138.88621184, "cookies": 5.514773465361095e-05, "font": 1.9914459736026174e-05, "has_blocking": 0.0077911494013407035, "hosts": 1.0, "https": 1.822762840230885, "iframe": 0.0004886702042917194, "image": 0.013592384710596943, "media": 0.334958148996924, "plugin": 0.004034975918822534, "reach": 0.001571852015581309, "reach_rank": 366, "referer_leaked": 0.5398105368938345, "referer_leaked_header": 0.5397063689505999, "referer_leaked_url": 0.0004534369293741345, "requests": 31.881165823110575, "requests_failed": 9.242522886309882, "requests_tracking": 0.0010677214181546342, "script": 0.00026501550264096375, "site_reach": 0.0006789270964771963, "site_reach_rank": 533, "stylesheet": 0.0006648365788796431, "tracked": 5.514773465361095e-05, "xhr": 0.7745101042904937}, "date_range": ["2017-05", "2018-11"]}