{"id": "cdnsure.com", "name": "cdnsure.com", "category": "unknown", "website_url": null, "ghostery_id": null, "company_id": null, "iab_vendor": null, "truste_type": null, "description": null, "privacy_url": null, "domains": ["cdnsure.com"], "overview": {"bad_qs": 0.0, "beacon": 0.0, "content_length": 13.740948366152821, "cookies": 0.8706456700092147, "font": 0.0, "has_blocking": 0.0020014044562724604, "hosts": 1.0, "https": 0.8261632620721917, "iframe": 0.9999641831089712, "image": 0.0, "media": 0.0, "plugin": 0.0, "reach": 0.002218517644382722, "reach_rank": 277, "referer_leaked": 0.7783987244845353, "referer_leaked_header": 0.7783987244845353, "referer_leaked_url": 1.1938963676245695e-05, "requests": 1.545726773560188, "requests_failed": 0.2423381700607693, "requests_tracking": 1.2726750767621096, "script": 0.0, "site_reach": 0.009257695335053282, "site_reach_rank": 86, "stylesheet": 2.170720668408308e-06, "tracked": 0.8706456700092147, "xhr": 0.0}, "date_range": ["2018-09", "2018-11"]}