{"id": "chaturbate.com", "name": "chaturbate.com", "category": "pornvertising", "website_url": null, "ghostery_id": "chaturbate.com", "company_id": null, "iab_vendor": null, "truste_type": null, "description": null, "privacy_url": null, "domains": ["chaturbate.com"], "overview": {"bad_qs": 4.50355781067043e-05, "beacon": 0.0, "content_length": 34669.287201889485, "cookies": 0.22668908437665755, "font": 0.0, "has_blocking": 0.669513915993635, "hosts": 1.0, "https": 0.9304150278720188, "iframe": 0.8975890953853545, "image": 0.1100369291740475, "media": 3.502767186077001e-05, "plugin": 0.023013180412525897, "reach": 0.00048119776360280137, "reach_rank": 742, "referer_leaked": 0.09760710961659713, "referer_leaked_header": 0.09669138619509413, "referer_leaked_url": 0.0012059527026350818, "requests": 3.952987860409724, "requests_failed": 1.850697050670029, "requests_tracking": 2.096501235976421, "script": 0.08278540046636843, "site_reach": 0.001042125494430038, "site_reach_rank": 433, "stylesheet": 3.0023718737802863e-05, "tracked": 0.22668908437665755, "xhr": 0.0450505899660732}, "date_range": ["2017-06", "2018-11"]}