{"id": "clcknads.pro", "name": "clcknads.pro", "category": "pornvertising", "website_url": null, "ghostery_id": null, "company_id": null, "iab_vendor": null, "truste_type": null, "description": null, "privacy_url": null, "domains": ["clcknads.pro"], "overview": {"bad_qs": 0.0, "beacon": 0.0, "content_length": 317.7446238110351, "cookies": 0.07273243121074853, "font": 0.0, "has_blocking": 0.844124181309328, "hosts": 1.0, "https": 0.8917765467362975, "iframe": 0.024262577300749204, "image": 0.07831299229637323, "media": 0.0, "plugin": 2.4043778912644142e-06, "reach": 0.0010014611516323592, "reach_rank": 515, "referer_leaked": 0.07512959596833915, "referer_leaked_header": 0.07319166738798004, "referer_leaked_url": 0.045019571636034886, "requests": 2.9186959616068937, "requests_failed": 2.2989795820229477, "requests_tracking": 0.4194292968637295, "script": 0.9525856679842658, "site_reach": 0.00039631679290294883, "site_reach_rank": 651, "stylesheet": 2.4043778912644142e-06, "tracked": 0.07273243121074853, "xhr": 0.38212777825865335}, "date_range": ["2018-11", "2018-11"]}