{"id": "congstar.de", "name": "congstar.de", "category": "advertising", "website_url": null, "ghostery_id": "congstar.de", "company_id": null, "iab_vendor": null, "truste_type": null, "description": null, "privacy_url": null, "domains": ["congstar.de"], "overview": {"bad_qs": 0.015649572321736794, "beacon": 0.0, "content_length": 188.93099612596367, "cookies": 0.9793640443404548, "font": 0.0, "has_blocking": 0.0010356334624678763, "hosts": 1.0, "https": 0.9804763913927352, "iframe": 0.9504430209811668, "image": 0.0321813509263166, "media": 0.00015342717962487054, "plugin": 0.0, "reach": 6.277612761525923e-05, "reach_rank": 1038, "referer_leaked": 0.1890222852978405, "referer_leaked_header": 0.1890222852978405, "referer_leaked_url": 0.0, "requests": 1.9449579993095776, "requests_failed": 0.7607686701699206, "requests_tracking": 1.2588316520271563, "script": 0.00011507038471865293, "site_reach": 0.00012695384730874402, "site_reach_rank": 922, "stylesheet": 3.835679490621764e-05, "tracked": 0.98975873576004, "xhr": 7.671358981243527e-05}, "date_range": ["2017-05", "2018-11"]}