{"id": "cpx.to", "name": "cpx.to", "category": "unknown", "website_url": null, "ghostery_id": "cpx.to", "company_id": null, "iab_vendor": null, "truste_type": null, "description": null, "privacy_url": null, "domains": ["cpx.to"], "overview": {"bad_qs": 0.002729402751198345, "beacon": 0.0, "content_length": 902.4750283590396, "cookies": 0.3895087240165977, "font": 0.0, "has_blocking": 0.42117012616676597, "hosts": 1.0, "https": 1.2247951296755264, "iframe": 0.0006307512709968348, "image": 0.21112004583679395, "media": 0.0, "plugin": 0.0, "reach": 0.0014582838341163206, "reach_rank": 396, "referer_leaked": 0.3939966348924338, "referer_leaked_header": 0.3736920579828839, "referer_leaked_url": 0.2415711320664369, "requests": 2.2110639056713124, "requests_failed": 1.1413163547860317, "requests_tracking": 0.942198746092892, "script": 0.98149521074853, "site_reach": 0.0014009081063895321, "site_reach_rank": 369, "stylesheet": 0.0, "tracked": 0.3897811689373162, "xhr": 0.0005234244840471115}, "date_range": ["2017-05", "2018-11"]}