{"id": "cqq5id8n.com", "name": "cqq5id8n.com", "category": "unknown", "website_url": null, "ghostery_id": "cqq5id8n.com", "company_id": null, "iab_vendor": null, "truste_type": null, "description": null, "privacy_url": null, "domains": ["cqq5id8n.com"], "overview": {"bad_qs": 0.0, "beacon": 0.0, "content_length": 3.3033756742648337, "cookies": 0.8364799025578563, "font": 0.0, "has_blocking": 0.0, "hosts": 1.0, "https": 0.9701148425265356, "iframe": 0.0, "image": 0.9998259961719158, "media": 0.0, "plugin": 0.0, "reach": 5.535259950211266e-05, "reach_rank": 1047, "referer_leaked": 0.2024099530189664, "referer_leaked_header": 0.2024099530189664, "referer_leaked_url": 0.0, "requests": 2.7796676526883592, "requests_failed": 0.9284409257003654, "requests_tracking": 1.8265181834000348, "script": 0.0, "site_reach": 7.727625488358333e-05, "site_reach_rank": 990, "stylesheet": 0.0, "tracked": 0.8364799025578563, "xhr": 0.0}, "date_range": ["2017-06", "2018-11"]}