{"id": "dailymotion", "name": "Dailymotion", "category": "misc", "website_url": null, "ghostery_id": "c_1475", "company_id": "vivendi", "iab_vendor": null, "truste_type": null, "description": null, "privacy_url": null, "domains": ["dailymotion.com", "dailymotionbus.com", "dm-event.net", "dmcdn.net"], "overview": {"bad_qs": 0.02933693350925102, "beacon": 0.0021613328833113435, "content_length": 4079623.467510663, "cookies": 0.5112699825105089, "font": 0.4132122365070111, "has_blocking": 0.007988708539167255, "hosts": 2.0603418121567305, "https": 1.28013991592771, "iframe": 0.5135380933386517, "image": 0.6046810469147924, "media": 0.0012850173360743765, "plugin": 0.0006492589978828512, "reach": 0.0019618894318485227, "reach_rank": 300, "referer_leaked": 0.9183197815347796, "referer_leaked_header": 0.9018808873615416, "referer_leaked_url": 0.23540241170875395, "requests": 70.55432358626615, "requests_failed": 12.465299008928845, "requests_tracking": 2.938734006320763, "script": 0.9240661532324876, "site_reach": 0.0019418418905746157, "site_reach_rank": 287, "stylesheet": 0.09891687889294593, "tracked": 0.5132312601638489, "xhr": 0.5660360222147218}, "date_range": ["2017-05", "2018-11"]}