{"id": "datds.net", "name": "datds.net", "category": "extensions", "website_url": null, "ghostery_id": null, "company_id": null, "iab_vendor": null, "truste_type": null, "description": null, "privacy_url": null, "domains": ["datds.net"], "overview": {"bad_qs": 0.1342843838631842, "beacon": 0.0, "content_length": 626.0436608390128, "cookies": 0.9358167887228548, "font": 0.0, "has_blocking": 0.0003047877068958219, "hosts": 1.0, "https": 0.8479786648605173, "iframe": 0.0028362189391694533, "image": 0.0, "media": 0.0, "plugin": 0.0, "reach": 0.0002844080516004888, "reach_rank": 866, "referer_leaked": 0.7042204631079879, "referer_leaked_header": 0.7036193540193879, "referer_leaked_url": 0.004800406383609194, "requests": 1.6220039791728402, "requests_failed": 0.5696651568386741, "requests_tracking": 1.2100156627016043, "script": 0.002218177200186259, "site_reach": 0.0013699976044360984, "site_reach_rank": 377, "stylesheet": 0.0, "tracked": 0.9462811666596114, "xhr": 0.9966219362485712}, "date_range": ["2018-04", "2018-11"]}