{"id": "davebestdeals.com", "name": "davebestdeals.com", "category": "extensions", "website_url": null, "ghostery_id": null, "company_id": null, "iab_vendor": null, "truste_type": null, "description": null, "privacy_url": null, "domains": ["davebestdeals.com"], "overview": {"bad_qs": 0.14457610554605424, "beacon": 0.0, "content_length": 15558.590092841436, "cookies": 0.3000244319569997, "font": 0.0090398240899096, "has_blocking": 0.007085267529929148, "hosts": 1.0, "https": 1.3844368433911556, "iframe": 0.8328243342291718, "image": 0.06682140239433179, "media": 0.0, "plugin": 0.0, "reach": 3.9421992302444255e-05, "reach_rank": 1058, "referer_leaked": 0.8862692401661373, "referer_leaked_header": 0.8607989249938922, "referer_leaked_url": 0.3884681162961153, "requests": 17.89475934522355, "requests_failed": 5.2578793061324225, "requests_tracking": 2.9733691668702664, "script": 0.9894942584901052, "site_reach": 0.0002649471596008572, "site_reach_rank": 755, "stylesheet": 0.17285609577327146, "tracked": 0.38449792328365506, "xhr": 0.8380772049841192}, "date_range": ["2017-10", "2018-11"]}