{"id": "dcbap.com", "name": "dcbap.com", "category": "extensions", "website_url": null, "ghostery_id": null, "company_id": null, "iab_vendor": null, "truste_type": null, "description": null, "privacy_url": null, "domains": ["dcbap.com"], "overview": {"bad_qs": 0.00017255759109602832, "beacon": 0.0, "content_length": 102.25446492766962, "cookies": 0.0, "font": 0.0, "has_blocking": 0.0003163555836760519, "hosts": 1.0, "https": 0.8729113341577751, "iframe": 0.0, "image": 0.0, "media": 0.0, "plugin": 0.0, "reach": 8.372477976718111e-05, "reach_rank": 1014, "referer_leaked": 0.2968853354807167, "referer_leaked_header": 0.2968853354807167, "referer_leaked_url": 0.0, "requests": 1.7909752379856778, "requests_failed": 1.0529751804664806, "requests_tracking": 0.0005464323718040897, "script": 0.9977279917172356, "site_reach": 0.0003786536489295583, "site_reach_rank": 661, "stylesheet": 0.0, "tracked": 0.00017255759109602832, "xhr": 0.00025883638664404244}, "date_range": ["2017-12", "2018-11"]}