{"id": "defpush.com", "name": "defpush.com", "category": "unknown", "website_url": null, "ghostery_id": null, "company_id": null, "iab_vendor": null, "truste_type": null, "description": null, "privacy_url": null, "domains": ["defpush.com"], "overview": {"bad_qs": 0.0, "beacon": 0.0, "content_length": 4.232854391941935, "cookies": 0.04158860996627951, "font": 0.0, "has_blocking": 0.9211271532757674, "hosts": 1.0, "https": 0.9536713515209077, "iframe": 0.0, "image": 0.0, "media": 0.0, "plugin": 0.0, "reach": 0.0002763464323585768, "reach_rank": 870, "referer_leaked": 0.036508752515967136, "referer_leaked_header": 0.03646518598551848, "referer_leaked_url": 0.0003920987740378332, "requests": 1.5330713532635687, "requests_failed": 1.3958716355746859, "requests_tracking": 0.06237855829637439, "script": 0.9995904746137828, "site_reach": 0.00013136963330209164, "site_reach_rank": 917, "stylesheet": 0.0, "tracked": 0.04158860996627951, "xhr": 0.02973851368424722}, "date_range": ["2018-04", "2018-11"]}