{"id": "deviantart.net", "name": "deviantart.net", "category": "misc", "website_url": null, "ghostery_id": "", "company_id": null, "iab_vendor": null, "truste_type": null, "description": null, "privacy_url": null, "domains": ["dapxl.com", "deviantart.net"], "overview": {"bad_qs": 0.0, "beacon": 0.0, "content_length": 248476.18025373138, "cookies": 0.005595018115305618, "font": 0.0054076587811806905, "has_blocking": 0.058172731254113125, "hosts": 1.0058034553745197, "https": 0.983189183745641, "iframe": 9.367966706246327e-06, "image": 0.9935969947562806, "media": 0.0001124156004749559, "plugin": 0.00048010829369512424, "reach": 0.0010281381765968585, "reach_rank": 508, "referer_leaked": 0.539163955811301, "referer_leaked_header": 0.5138517097710235, "referer_leaked_url": 0.4367673957286756, "requests": 3.6692850133610624, "requests_failed": 1.3610344108837038, "requests_tracking": 0.054971228632253434, "script": 0.013728755208003993, "site_reach": 0.0007429559933807367, "site_reach_rank": 516, "stylesheet": 0.012391477960687328, "tracked": 0.005595018115305618, "xhr": 2.8103900118738976e-05}, "date_range": ["2018-07", "2018-11"]}