{"id": "digidip", "name": "Digidip", "category": "advertising", "website_url": null, "ghostery_id": "2938", "company_id": "digidip", "iab_vendor": null, "truste_type": null, "description": null, "privacy_url": null, "domains": ["digidip.net"], "overview": {"bad_qs": 0.0, "beacon": 0.0, "content_length": 1816.7944603109845, "cookies": 0.0007505125144184032, "font": 0.0, "has_blocking": 0.00171761588870252, "hosts": 1.0, "https": 0.6231470148238815, "iframe": 0.0007681420030121242, "image": 2.0147986964252437e-05, "media": 0.0, "plugin": 0.0, "reach": 0.0009560820368674027, "reach_rank": 533, "referer_leaked": 0.5988787645254393, "referer_leaked_header": 0.5719736464330507, "referer_leaked_url": 0.5959296029335469, "requests": 1.2774478544912382, "requests_failed": 0.5905249054303862, "requests_tracking": 0.0011131762797749471, "script": 0.9990983775833496, "site_reach": 0.00013909725879044998, "site_reach_rank": 906, "stylesheet": 2.518498370531554e-06, "tracked": 0.0007505125144184032, "xhr": 0.02768837108562391}, "date_range": ["2017-05", "2018-11"]}