{"id": "dimml", "name": "DimML", "category": "misc", "website_url": null, "ghostery_id": "c_3410", "company_id": null, "iab_vendor": null, "truste_type": null, "description": null, "privacy_url": null, "domains": ["dimml.io"], "overview": {"bad_qs": 0.10868755004667947, "beacon": 0.0, "content_length": 1663.2601947623034, "cookies": 0.6034863854581416, "font": 0.0, "has_blocking": 3.690077749938191e-05, "hosts": 1.0, "https": 1.5459285527146056, "iframe": 0.0, "image": 0.12467665693716165, "media": 0.0, "plugin": 0.0, "reach": 0.000652531251403951, "reach_rank": 660, "referer_leaked": 0.8243707494916918, "referer_leaked_header": 0.7963593692919109, "referer_leaked_url": 0.5959844573925173, "requests": 8.809927785178434, "requests_failed": 2.576847714181338, "requests_tracking": 2.0067565323601366, "script": 0.9848264002922542, "site_reach": 0.00017663143973390474, "site_reach_rank": 862, "stylesheet": 0.0, "tracked": 0.6537636948010495, "xhr": 0.0006310032952394308}, "date_range": ["2017-05", "2018-11"]}