{"id": "div.show", "name": "div.show", "category": "extensions", "website_url": null, "ghostery_id": null, "company_id": null, "iab_vendor": null, "truste_type": null, "description": null, "privacy_url": null, "domains": ["div.show"], "overview": {"bad_qs": 0.0, "beacon": 0.0, "content_length": 31.898267839189987, "cookies": 0.844723446360237, "font": 0.0, "has_blocking": 0.00968007279923386, "hosts": 1.0, "https": 0.8529550846211619, "iframe": 1.986878653373124e-06, "image": 0.0, "media": 0.0, "plugin": 0.9999821180921196, "reach": 0.0012118963822260445, "reach_rank": 457, "referer_leaked": 0.7224787503328022, "referer_leaked_header": 0.7224787503328022, "referer_leaked_url": 0.0, "requests": 1.043707356616902, "requests_failed": 0.32592558742067385, "requests_tracking": 0.8549439501531884, "script": 0.0, "site_reach": 0.005972350556002654, "site_reach_rank": 130, "stylesheet": 0.0, "tracked": 0.844723446360237, "xhr": 0.0}, "date_range": ["2018-11", "2018-11"]}