{"id": "dynamic_yield", "name": "Dynamic Yield", "category": "misc", "website_url": null, "ghostery_id": "c_2280", "company_id": null, "iab_vendor": null, "truste_type": null, "description": null, "privacy_url": null, "domains": ["dynamicyield.com"], "overview": {"bad_qs": 0.18306596622010052, "beacon": 0.0, "content_length": 75072.03053515455, "cookies": 0.867411263474677, "font": 0.001262948448469817, "has_blocking": 0.344279548476072, "hosts": 1.0, "https": 1.860238669456009, "iframe": 3.6736708013666055e-05, "image": 0.07414659137958253, "media": 0.0, "plugin": 3.7729592014035414e-05, "reach": 0.002425148407114334, "reach_rank": 257, "referer_leaked": 0.8906626209953264, "referer_leaked_header": 0.8578875201431342, "referer_leaked_url": 0.6418578051107711, "requests": 20.42934190655572, "requests_failed": 14.582837801476815, "requests_tracking": 3.4890767866699366, "script": 0.9955439366063424, "site_reach": 0.0006634718455004796, "site_reach_rank": 537, "stylesheet": 0.011249375724184768, "tracked": 0.8903071685231942, "xhr": 0.7672620330094215}, "date_range": ["2017-05", "2018-11"]}