{"id": "dynamic_1001_gmbh", "name": "Dynamic 1001 GmbH", "category": "misc", "website_url": null, "ghostery_id": "c_2789", "company_id": null, "iab_vendor": null, "truste_type": null, "description": null, "privacy_url": null, "domains": ["dyntracker.de", "media01.eu"], "overview": {"bad_qs": 0.00976152042152712, "beacon": 0.0, "content_length": 45453.843648158865, "cookies": 0.7546599457862516, "font": 0.0, "has_blocking": 0.03641153717296623, "hosts": 1.0000076142905003, "https": 0.996775347973076, "iframe": 0.022062406724941367, "image": 0.007359211768647397, "media": 0.0, "plugin": 0.0, "reach": 0.0006324662952680929, "reach_rank": 673, "referer_leaked": 0.714833399323851, "referer_leaked_header": 0.714833399323851, "referer_leaked_url": 1.1421435750616755e-05, "requests": 3.655460969146895, "requests_failed": 1.1890361831084582, "requests_tracking": 1.860140712088448, "script": 0.9683245515182896, "site_reach": 0.0002384524436407714, "site_reach_rank": 784, "stylesheet": 0.0, "tracked": 0.7567500685286145, "xhr": 0.7006060975238327}, "date_range": ["2017-05", "2018-11"]}