{"id": "dyncdn.me", "name": "dyncdn.me", "category": "unknown", "website_url": null, "ghostery_id": null, "company_id": null, "iab_vendor": null, "truste_type": null, "description": null, "privacy_url": null, "domains": ["dyncdn.me"], "overview": {"bad_qs": 0.0, "beacon": 0.0, "content_length": 46676.19677718609, "cookies": 0.00011446593100950408, "font": 0.0, "has_blocking": 0.8713044161639563, "hosts": 1.0, "https": 0.9813984319875898, "iframe": 0.0, "image": 0.915278126585652, "media": 0.0, "plugin": 0.0, "reach": 0.0014094036457618366, "reach_rank": 409, "referer_leaked": 0.9675531796756344, "referer_leaked_header": 0.9675531796756344, "referer_leaked_url": 0.0, "requests": 19.136226417028436, "requests_failed": 6.686016534347467, "requests_tracking": 0.002021092483346916, "script": 0.9560228726848412, "site_reach": 9.93551848503214e-05, "site_reach_rank": 958, "stylesheet": 0.9438331052556946, "tracked": 0.00011446593100950408, "xhr": 0.0007568419020479152}, "date_range": ["2018-04", "2018-11"]}