{"id": "eanalyzer.de", "name": "eanalyzer.de", "category": "unknown", "website_url": null, "ghostery_id": "eanalyzer.de", "company_id": null, "iab_vendor": null, "truste_type": null, "description": null, "privacy_url": null, "domains": ["eanalyzer.de"], "overview": {"bad_qs": 0.0, "beacon": 0.0, "content_length": 826.6072138739963, "cookies": 0.8634247023584787, "font": 0.0, "has_blocking": 0.0017619371240152031, "hosts": 1.0, "https": 0.9982632334063278, "iframe": 0.00030204636411689195, "image": 0.6141105993103275, "media": 0.0, "plugin": 0.0, "reach": 9.566310360272465e-05, "reach_rank": 1006, "referer_leaked": 0.7731631805482142, "referer_leaked_header": 0.7731631805482142, "referer_leaked_url": 0.0006040927282337839, "requests": 3.4052455385234968, "requests_failed": 0.6909310579173903, "requests_tracking": 2.4938961463918043, "script": 0.5982028241335045, "site_reach": 2.207892996673809e-05, "site_reach_rank": 1077, "stylesheet": 0.0, "tracked": 0.8634247023584787, "xhr": 5.0341060686148657e-05}, "date_range": ["2017-05", "2018-11"]}