{"id": "easylist_club", "name": "easylist.club", "category": "unknown", "website_url": null, "ghostery_id": null, "company_id": null, "iab_vendor": null, "truste_type": null, "description": null, "privacy_url": null, "domains": ["easylist.club"], "overview": {"bad_qs": 0.0, "beacon": 0.0, "content_length": 2.989805955468121, "cookies": 0.05579898059554681, "font": 0.0, "has_blocking": 0.7400793787273265, "hosts": 1.0, "https": 0.9997386142427724, "iframe": 0.0, "image": 0.0, "media": 0.0, "plugin": 0.0, "reach": 0.0003500567932407185, "reach_rank": 819, "referer_leaked": 0.02190825359921309, "referer_leaked_header": 0.02190825359921309, "referer_leaked_url": 0.0, "requests": 3.358160394554922, "requests_failed": 3.197538846738525, "requests_tracking": 0.14810254575970394, "script": 1.0, "site_reach": 0.0008246480342576678, "site_reach_rank": 494, "stylesheet": 0.0, "tracked": 0.05579898059554681, "xhr": 1.375714511724527e-05}, "date_range": ["2017-05", "2018-11"]}