{"id": "elastic_ad", "name": "Elastic Ad", "category": "advertising", "website_url": null, "ghostery_id": "2250", "company_id": "elastic_ad", "iab_vendor": null, "truste_type": null, "description": null, "privacy_url": null, "domains": ["elasticad.net"], "overview": {"bad_qs": 0.0, "beacon": 0.0, "content_length": 5389.590835866141, "cookies": 1.4737708467720453e-05, "font": 0.0, "has_blocking": 0.8788526353856915, "hosts": 1.0, "https": 0.7985411935956721, "iframe": 0.0014510974491293985, "image": 0.009470678195333588, "media": 0.0, "plugin": 3.401009646397027e-06, "reach": 0.0021239790259012553, "reach_rank": 283, "referer_leaked": 0.05611665916555095, "referer_leaked_header": 0.05611665916555095, "referer_leaked_url": 1.1336698821323424e-06, "requests": 1.6418872882729787, "requests_failed": 1.4393424261215682, "requests_tracking": 0.00014397607503080747, "script": 0.9987189530331904, "site_reach": 0.0007087336519322928, "site_reach_rank": 528, "stylesheet": 3.060908681757324e-05, "tracked": 1.4737708467720453e-05, "xhr": 0.0007844995584355809}, "date_range": ["2017-05", "2018-11"]}