{"id": "eluxer_net", "name": "eluxer.net", "category": "extensions", "website_url": null, "ghostery_id": null, "company_id": null, "iab_vendor": null, "truste_type": null, "description": null, "privacy_url": null, "domains": ["eluxer.net"], "overview": {"bad_qs": 0.3374597974753204, "beacon": 0.0, "content_length": 155.6537300415069, "cookies": 0.7005453785591726, "font": 0.0, "has_blocking": 0.00020247276351959963, "hosts": 1.0, "https": 0.8418246430119641, "iframe": 0.0, "image": 3.893706990761531e-05, "media": 0.0, "plugin": 0.0, "reach": 0.0009276087251781528, "reach_rank": 542, "referer_leaked": 0.3660370109828495, "referer_leaked_header": 0.3660370109828495, "referer_leaked_url": 0.0, "requests": 2.5578825502223306, "requests_failed": 1.0673403645028905, "requests_tracking": 2.225759727129014, "script": 0.9976118597123328, "site_reach": 0.005104648608309847, "site_reach_rank": 143, "stylesheet": 0.0, "tracked": 0.8148075081054, "xhr": 0.0018118716530343656}, "date_range": ["2017-05", "2018-11"]}