{"id": "eshopcomp.com", "name": "eshopcomp.com", "category": "extensions", "website_url": null, "ghostery_id": null, "company_id": null, "iab_vendor": null, "truste_type": null, "description": null, "privacy_url": null, "domains": ["eshopcomp.com"], "overview": {"bad_qs": 0.0, "beacon": 0.0, "content_length": 2012.610355987055, "cookies": 0.027184466019417475, "font": 0.0, "has_blocking": 0.000970873786407767, "hosts": 1.0, "https": 0.3249190938511327, "iframe": 0.0, "image": 0.0, "media": 0.0, "plugin": 0.0, "reach": 7.440383350510186e-06, "reach_rank": 1092, "referer_leaked": 0.8812297734627832, "referer_leaked_header": 0.8812297734627832, "referer_leaked_url": 0.0, "requests": 1.498705501618123, "requests_failed": 0.2197411003236246, "requests_tracking": 0.04854368932038835, "script": 0.9724919093851132, "site_reach": 3.0910501953433334e-05, "site_reach_rank": 1060, "stylesheet": 0.0, "tracked": 0.027184466019417475, "xhr": 0.0}, "date_range": ["2017-10", "2018-11"]}