{"id": "esprit.de", "name": "esprit.de", "category": "misc", "website_url": null, "ghostery_id": "esprit.de", "company_id": null, "iab_vendor": null, "truste_type": null, "description": null, "privacy_url": null, "domains": ["esprit.de"], "overview": {"bad_qs": 0.0, "beacon": 0.0, "content_length": 15162.79482970866, "cookies": 0.3188346327451785, "font": 0.14772260976610588, "has_blocking": 0.07550266721378744, "hosts": 1.0, "https": 0.6323348379154698, "iframe": 0.0008206811653672548, "image": 0.9766105867870332, "media": 0.0, "plugin": 0.0, "reach": 5.868030493590071e-06, "reach_rank": 1097, "referer_leaked": 0.5240049240869922, "referer_leaked_header": 0.5235945835043085, "referer_leaked_url": 0.0012310217480508822, "requests": 25.56791136643414, "requests_failed": 8.773081657775954, "requests_tracking": 6.525235945835044, "script": 0.010668855149774312, "site_reach": 1.435130447837976e-05, "site_reach_rank": 1090, "stylesheet": 0.0016413623307345096, "tracked": 0.3188346327451785, "xhr": 0.003282724661469019}, "date_range": ["2017-09", "2018-11"]}