{"id": "etahub.com", "name": "etahub.com", "category": "unknown", "website_url": null, "ghostery_id": "etahub.com", "company_id": null, "iab_vendor": null, "truste_type": null, "description": null, "privacy_url": null, "domains": ["etahub.com"], "overview": {"bad_qs": 0.0, "beacon": 0.13610115142542398, "content_length": 11.991146794462493, "cookies": 0.29487998091482537, "font": 0.0, "has_blocking": 0.5328236936829476, "hosts": 1.0, "https": 1.0064973792967955, "iframe": 0.0, "image": 0.030738006862242925, "media": 0.0, "plugin": 0.02189181793304752, "reach": 0.0013726808993286227, "reach_rank": 416, "referer_leaked": 0.3144510556487205, "referer_leaked_header": 0.29393975540103423, "referer_leaked_url": 0.22998512479037886, "requests": 2.019095699520766, "requests_failed": 1.1522919751050738, "requests_tracking": 0.8588451364379486, "script": 0.0, "site_reach": 0.00015676040276384046, "site_reach_rank": 888, "stylesheet": 0.0, "tracked": 0.29487998091482537, "xhr": 0.762994758593591}, "date_range": ["2017-05", "2018-11"]}