{"id": "evidon", "name": "Evidon", "category": "essential", "website_url": null, "ghostery_id": "c_242", "company_id": null, "iab_vendor": null, "truste_type": null, "description": null, "privacy_url": null, "domains": ["betrad.com", "evidon.com"], "overview": {"bad_qs": 0.0003760394977198114, "beacon": 0.0, "content_length": 13366.287471018612, "cookies": 0.012141844334018879, "font": 4.391119400125187e-06, "has_blocking": 0.7259350689166231, "hosts": 1.5390625997981682, "https": 1.3622174514262355, "iframe": 0.016832757431370797, "image": 0.7583830461275117, "media": 0.009207378996717041, "plugin": 0.0, "reach": 0.006031901927021243, "reach_rank": 122, "referer_leaked": 0.4744392939718713, "referer_leaked_header": 0.4740592625474241, "referer_leaked_url": 0.004560377093366375, "requests": 7.455885217735652, "requests_failed": 3.660615171876397, "requests_tracking": 0.07072656259979816, "script": 0.7707799745794106, "site_reach": 0.002807335945270749, "site_reach_rank": 218, "stylesheet": 0.028448066630047394, "tracked": 0.012491537115337941, "xhr": 0.009852474355862704}, "date_range": ["2017-05", "2018-11"]}