{"id": "falk_technologies", "name": "Falk Technologies", "category": "misc", "website_url": null, "ghostery_id": "c_3194", "company_id": null, "iab_vendor": null, "truste_type": null, "description": null, "privacy_url": null, "domains": ["angsrvr.com"], "overview": {"bad_qs": 0.0, "beacon": 0.0, "content_length": 1407.7184127401947, "cookies": 0.4579494603843117, "font": 0.0, "has_blocking": 0.04488023163990524, "hosts": 1.0, "https": 0.9398525927875756, "iframe": 6.580679126085812e-05, "image": 0.7963279810476441, "media": 0.0, "plugin": 0.0006580679126085813, "reach": 3.659031242535688e-05, "reach_rank": 1061, "referer_leaked": 0.2066333245590945, "referer_leaked_header": 0.19399842063700973, "referer_leaked_url": 0.049157673071861016, "requests": 4.146683337720453, "requests_failed": 1.7182811266122664, "requests_tracking": 1.0788365359305079, "script": 0.056001579362990266, "site_reach": 0.00022630903215906543, "site_reach_rank": 799, "stylesheet": 0.0, "tracked": 0.4579494603843117, "xhr": 0.15721242432219004}, "date_range": ["2017-05", "2018-11"]}