{"id": "flixmedia", "name": "Flixmedia", "category": "misc", "website_url": null, "ghostery_id": "c_3256", "company_id": null, "iab_vendor": null, "truste_type": null, "description": null, "privacy_url": null, "domains": ["flix360.com"], "overview": {"bad_qs": 0.0359576547679685, "beacon": 0.0, "content_length": 11507.917529356699, "cookies": 0.7144209193155381, "font": 0.012155669663137898, "has_blocking": 0.00034415825773323613, "hosts": 1.0, "https": 1.7265284068225932, "iframe": 0.00047837997824919814, "image": 0.8202771162291268, "media": 0.001500530003716909, "plugin": 0.0, "reach": 0.0006996464556173598, "reach_rank": 629, "referer_leaked": 0.7720192453297724, "referer_leaked_header": 0.7132576644043997, "referer_leaked_url": 0.6150417808124888, "requests": 3.450971214603323, "requests_failed": 1.2742218581792653, "requests_tracking": 0.8307670599248358, "script": 0.9694284219655568, "site_reach": 0.000578467965128538, "site_reach_rank": 562, "stylesheet": 0.00886207513663083, "tracked": 0.7166854806514228, "xhr": 0.0008397461488690959}, "date_range": ["2018-04", "2018-11"]}