{"id": "generaltracking_de", "name": "generaltracking.de", "category": "unknown", "website_url": null, "ghostery_id": null, "company_id": null, "iab_vendor": null, "truste_type": null, "description": null, "privacy_url": null, "domains": ["generaltracking.de"], "overview": {"bad_qs": 0.0, "beacon": 0.0, "content_length": 73.49041164518913, "cookies": 0.6872498538784826, "font": 0.0, "has_blocking": 0.00015586295193297894, "hosts": 1.0, "https": 0.9991594533663616, "iframe": 0.00018926215591861728, "image": 0.9995992095521724, "media": 0.0, "plugin": 0.0, "reach": 0.0004325655880266673, "reach_rank": 766, "referer_leaked": 0.6207019399370982, "referer_leaked_header": 0.6199170586434357, "referer_leaked_url": 0.02994795290712238, "requests": 2.70553591806062, "requests_failed": 1.3727573826157142, "requests_tracking": 1.3081855882434803, "script": 0.0, "site_reach": 6.734073639855119e-05, "site_reach_rank": 1003, "stylesheet": 0.0, "tracked": 0.6872498538784826, "xhr": 1.669960199281917e-05}, "date_range": ["2017-05", "2018-11"]}