{"id": "globalsign", "name": "GlobalSign", "category": "misc", "website_url": null, "ghostery_id": "c_2400", "company_id": null, "iab_vendor": null, "truste_type": null, "description": null, "privacy_url": null, "domains": ["globalsign.com"], "overview": {"bad_qs": 0.03518047788510422, "beacon": 0.0, "content_length": 7516.933055414336, "cookies": 0.6963091001525166, "font": 0.0, "has_blocking": 0.00012201321809862737, "hosts": 1.0, "https": 1.7590645653279104, "iframe": 0.0, "image": 0.9035078800203356, "media": 0.0, "plugin": 0.0, "reach": 0.000236816084958795, "reach_rank": 895, "referer_leaked": 0.966476868327402, "referer_leaked_header": 0.8999491611591256, "referer_leaked_url": 0.8966751398068125, "requests": 4.379877986781901, "requests_failed": 0.9954245043213016, "requests_tracking": 2.4047381799694967, "script": 0.9799593289273004, "site_reach": 0.000821336194762657, "site_reach_rank": 496, "stylesheet": 0.00035587188612099647, "tracked": 0.6999694966954754, "xhr": 0.003121504829689883}, "date_range": ["2017-07", "2018-11"]}