{"id": "glotgrx.com", "name": "glotgrx.com", "category": "unknown", "website_url": null, "ghostery_id": "glotgrx.com", "company_id": null, "iab_vendor": null, "truste_type": null, "description": null, "privacy_url": null, "domains": ["glotgrx.com"], "overview": {"bad_qs": 0.0, "beacon": 0.0, "content_length": 74.82105454876606, "cookies": 0.923959566523996, "font": 0.0, "has_blocking": 0.008287041253073491, "hosts": 1.0, "https": 0.8487387305345597, "iframe": 0.0, "image": 0.9980876058646754, "media": 0.0, "plugin": 0.0, "reach": 2.6441051641408523e-05, "reach_rank": 1068, "referer_leaked": 0.8948183225571441, "referer_leaked_header": 0.7482014388489209, "referer_leaked_url": 0.8551133776523085, "requests": 3.8841635552317637, "requests_failed": 1.166651488935434, "requests_tracking": 2.7163282032601765, "script": 0.0, "site_reach": 0.0001689038142455464, "site_reach_rank": 871, "stylesheet": 0.0, "tracked": 0.923959566523996, "xhr": 0.000182132774792824}, "date_range": ["2017-05", "2018-11"]}