{"id": "healte.de", "name": "healte.de", "category": "unknown", "website_url": null, "ghostery_id": null, "company_id": null, "iab_vendor": null, "truste_type": null, "description": null, "privacy_url": null, "domains": ["healte.de"], "overview": {"bad_qs": 0.0, "beacon": 0.0, "content_length": 21.733163454793054, "cookies": 0.4896938059670697, "font": 0.0, "has_blocking": 2.063302108694755e-05, "hosts": 1.0, "https": 0.9901270994098956, "iframe": 0.0, "image": 0.9901477324309824, "media": 0.0, "plugin": 0.0, "reach": 0.00023340169544713697, "reach_rank": 898, "referer_leaked": 0.4978644823175009, "referer_leaked_header": 0.4978644823175009, "referer_leaked_url": 0.0, "requests": 1.2137374654396895, "requests_failed": 0.6512194115462386, "requests_tracking": 0.5334770767135724, "script": 0.0, "site_reach": 0.00016338408175386188, "site_reach_rank": 881, "stylesheet": 0.0, "tracked": 0.4896938059670697, "xhr": 0.0}, "date_range": ["2018-11", "2018-11"]}