{"id": "heroku", "name": "Heroku", "category": "hosting", "website_url": null, "ghostery_id": "c_3374", "company_id": null, "iab_vendor": null, "truste_type": null, "description": null, "privacy_url": null, "domains": ["herokuapp.com"], "overview": {"bad_qs": 1.296092281770462e-06, "beacon": 0.00042122999157540015, "content_length": 61342.54116907524, "cookies": 0.06224872010887175, "font": 0.010427062406843369, "has_blocking": 0.010617587972263623, "hosts": 1.064274512345279, "https": 1.0421087421424406, "iframe": 0.04116777914587519, "image": 0.04906486941870261, "media": 0.0001477545201218327, "plugin": 0.00010109519797809604, "reach": 0.0018578083411281985, "reach_rank": 320, "referer_leaked": 0.7622940833387337, "referer_leaked_header": 0.7373481951914976, "referer_leaked_url": 0.087775257598341, "requests": 6.300509364266737, "requests_failed": 0.9527030004536324, "requests_tracking": 0.9773767092216966, "script": 0.3252647268485516, "site_reach": 0.006794790697263648, "site_reach_rank": 116, "stylesheet": 0.05303350398548377, "tracked": 0.06225001620115352, "xhr": 0.6719434903765148}, "date_range": ["2018-03", "2018-11"]}