{"id": "highwebmedia.com", "name": "highwebmedia.com", "category": "pornvertising", "website_url": null, "ghostery_id": "highwebmedia.com", "company_id": null, "iab_vendor": null, "truste_type": null, "description": null, "privacy_url": null, "domains": ["highwebmedia.com"], "overview": {"bad_qs": 0.002505608408458311, "beacon": 0.0, "content_length": 29723209.70564943, "cookies": 0.9800992376718872, "font": 0.34225052968302105, "has_blocking": 0.004529568775705204, "hosts": 1.0, "https": 1.9048647750405048, "iframe": 0.00039077105230360187, "image": 0.9726369386398572, "media": 0.0035351148685139797, "plugin": 0.22161132690789748, "reach": 0.0018547310563638128, "reach_rank": 321, "referer_leaked": 0.09056021768933573, "referer_leaked_header": 0.09056021768933573, "referer_leaked_url": 0.0, "requests": 335.91380577250635, "requests_failed": 46.78535114868514, "requests_tracking": 187.07023492999875, "script": 0.8509877030451579, "site_reach": 0.0005387258911884094, "site_reach_rank": 576, "stylesheet": 0.9433148290474014, "tracked": 0.9803523949981304, "xhr": 0.5482660670516389}, "date_range": ["2017-05", "2018-11"]}