{"id": "hoholikik.club", "name": "hoholikik.club", "category": "extensions", "website_url": null, "ghostery_id": null, "company_id": null, "iab_vendor": null, "truste_type": null, "description": null, "privacy_url": null, "domains": ["hoholikik.club"], "overview": {"bad_qs": 0.0, "beacon": 0.0, "content_length": 129.41176229340115, "cookies": 0.2521428864372719, "font": 0.0, "has_blocking": 0.00131238977976459, "hosts": 1.0, "https": 0.9112906533240372, "iframe": 0.0, "image": 0.2968871754911209, "media": 0.0, "plugin": 0.0, "reach": 5.8711607519576e-05, "reach_rank": 1042, "referer_leaked": 0.6027970307181233, "referer_leaked_header": 0.6027560185375056, "referer_leaked_url": 0.05524340729196572, "requests": 4.6323258007628265, "requests_failed": 1.2703522946315056, "requests_tracking": 0.7261206578353772, "script": 0.0, "site_reach": 0.00030468923354098567, "site_reach_rank": 720, "stylesheet": 0.0, "tracked": 0.2521428864372719, "xhr": 0.991715539515236}, "date_range": ["2018-10", "2018-11"]}