{"id": "hola_player", "name": "Hola Player", "category": "audio_video_player", "website_url": null, "ghostery_id": "2937", "company_id": "hola_cdn", "iab_vendor": null, "truste_type": null, "description": null, "privacy_url": null, "domains": ["h-cdn.com"], "overview": {"bad_qs": 0.02528517059276325, "beacon": 0.26342574836326965, "content_length": 76929112.78085381, "cookies": 0.0007402500221270387, "font": 0.0, "has_blocking": 0.03573852009001011, "hosts": 1.0, "https": 1.3359273374869585, "iframe": 0.0, "image": 0.045690323376612926, "media": 0.039636902000016086, "plugin": 0.00018238044023419794, "reach": 0.0017955499100891074, "reach_rank": 327, "referer_leaked": 0.8514551545271921, "referer_leaked_header": 0.8427236909509799, "referer_leaked_url": 0.3491874683181037, "requests": 13.758415650387425, "requests_failed": 4.176246556898675, "requests_tracking": 0.11418088384779815, "script": 0.8569815500728181, "site_reach": 0.000567428500145169, "site_reach_rank": 568, "stylesheet": 0.3832215359115133, "tracked": 0.02575721408513412, "xhr": 0.5733906937698305}, "date_range": ["2017-06", "2018-11"]}