{"id": "homeaway", "name": "HomeAway", "category": "misc", "website_url": null, "ghostery_id": "c_2665", "company_id": null, "iab_vendor": null, "truste_type": null, "description": null, "privacy_url": null, "domains": ["homeaway.com"], "overview": {"bad_qs": 6.544788167022996e-05, "beacon": 0.005235830533618396, "content_length": 2154432.5710109514, "cookies": 0.4068022165015925, "font": 0.3843972250098172, "has_blocking": 0.011147955844495834, "hosts": 1.0, "https": 1.8212182032374888, "iframe": 0.02990968192329508, "image": 0.962520179763515, "media": 0.0, "plugin": 0.011104323923382349, "reach": 0.00011037291003905691, "reach_rank": 995, "referer_leaked": 0.9267201884898992, "referer_leaked_header": 0.9253457829748244, "referer_leaked_url": 0.04214843579562808, "requests": 60.370893145425185, "requests_failed": 17.382804659889175, "requests_tracking": 15.939918844626726, "script": 0.9170993498843754, "site_reach": 5.961311091019285e-05, "site_reach_rank": 1011, "stylesheet": 0.8991884462672891, "tracked": 0.4068022165015925, "xhr": 0.04457000741742659}, "date_range": ["2017-07", "2018-11"]}