{"id": "i10c.net", "name": "i10c.net", "category": "unknown", "website_url": null, "ghostery_id": null, "company_id": null, "iab_vendor": null, "truste_type": null, "description": null, "privacy_url": null, "domains": ["i10c.net"], "overview": {"bad_qs": 0.0, "beacon": 0.0, "content_length": 33.68208092485549, "cookies": 0.0, "font": 0.0, "has_blocking": 0.0005780346820809249, "hosts": 1.0, "https": 0.9832369942196532, "iframe": 0.0, "image": 0.0, "media": 0.0, "plugin": 0.0, "reach": 4.165651519864925e-06, "reach_rank": 1099, "referer_leaked": 0.5901734104046242, "referer_leaked_header": 0.5901734104046242, "referer_leaked_url": 0.0, "requests": 28.716763005780354, "requests_failed": 15.66878612716763, "requests_tracking": 0.0, "script": 0.0, "site_reach": 1.3247357980042855e-05, "site_reach_rank": 1091, "stylesheet": 0.0, "tracked": 0.0, "xhr": 0.9994219653179192}, "date_range": ["2018-04", "2018-11"]}