{"id": "ie8eamus.com", "name": "ie8eamus.com", "category": "unknown", "website_url": null, "ghostery_id": null, "company_id": null, "iab_vendor": null, "truste_type": null, "description": null, "privacy_url": null, "domains": ["ie8eamus.com"], "overview": {"bad_qs": 0.04119187244645792, "beacon": 0.0, "content_length": 1474.386645391781, "cookies": 1.7101998026429428e-06, "font": 1.0261198815857656e-05, "has_blocking": 0.8568562765187857, "hosts": 1.0, "https": 0.6884597427517457, "iframe": 0.0, "image": 0.08246412428364006, "media": 0.0, "plugin": 0.0, "reach": 0.0014079589111306696, "reach_rank": 410, "referer_leaked": 0.09284674728548536, "referer_leaked_header": 0.09284674728548536, "referer_leaked_url": 0.0, "requests": 1.2439617120468185, "requests_failed": 1.0497651040571072, "requests_tracking": 0.07525905251510534, "script": 0.999622045843616, "site_reach": 0.0016029303155851856, "site_reach_rank": 330, "stylesheet": 0.0, "tracked": 0.04119187244645792, "xhr": 0.00020180357671186725}, "date_range": ["2018-07", "2018-11"]}