{"id": "immobilienscout24_de", "name": "immobilienscout24.de", "category": "misc", "website_url": null, "ghostery_id": null, "company_id": "scout24", "iab_vendor": null, "truste_type": null, "description": null, "privacy_url": null, "domains": ["immobilienscout24.de", "static-immobilienscout24.de"], "overview": {"bad_qs": 0.0, "beacon": 0.0, "content_length": 95985.70631893547, "cookies": 0.03725396459635233, "font": 0.3134980275896699, "has_blocking": 0.00529300697136136, "hosts": 1.015720815377578, "https": 1.0677394836308858, "iframe": 0.0063557354665859595, "image": 0.725781655724117, "media": 0.0, "plugin": 3.4392507936071206e-06, "reach": 0.0007001208101545929, "reach_rank": 628, "referer_leaked": 0.8997836711250821, "referer_leaked_header": 0.899749278617146, "referer_leaked_url": 5.502801269771393e-05, "requests": 15.225405057762215, "requests_failed": 4.952662152076791, "requests_tracking": 0.28082170579960863, "script": 0.9301453771310456, "site_reach": 0.00012253806131539642, "site_reach_rank": 926, "stylesheet": 0.22527436623206, "tracked": 0.03725396459635233, "xhr": 0.02197337332035589}, "date_range": ["2017-05", "2018-11"]}