{"id": "lenmit.com", "name": "lenmit.com", "category": "unknown", "website_url": null, "ghostery_id": "", "company_id": null, "iab_vendor": null, "truste_type": null, "description": null, "privacy_url": null, "domains": ["lenmit.com"], "overview": {"bad_qs": 0.0, "beacon": 0.0, "content_length": 791.8395675324388, "cookies": 0.5037552895302381, "font": 0.0, "has_blocking": 5.1695234437888175e-05, "hosts": 1.0, "https": 1.4863339955246695, "iframe": 0.0, "image": 0.0, "media": 0.0, "plugin": 0.0, "reach": 0.00032605011945282636, "reach_rank": 835, "referer_leaked": 0.6094203487212815, "referer_leaked_header": 0.5973605890302712, "referer_leaked_url": 0.5749987076191391, "requests": 1.8615749322423176, "requests_failed": 0.7285335538996669, "requests_tracking": 0.95779453359821, "script": 0.9996972136268638, "site_reach": 0.000405148364889644, "site_reach_rank": 645, "stylesheet": 0.0, "tracked": 0.5037552895302381, "xhr": 0.0006572679807102925}, "date_range": ["2018-04", "2018-11"]}