{"id": "liveadexchanger.com", "name": "liveadexchanger.com", "category": "unknown", "website_url": null, "ghostery_id": "liveadexchanger.com", "company_id": null, "iab_vendor": null, "truste_type": null, "description": null, "privacy_url": null, "domains": ["liveadexchanger.com"], "overview": {"bad_qs": 0.0, "beacon": 0.0, "content_length": 49.404518291794204, "cookies": 0.08267016469902347, "font": 0.0, "has_blocking": 0.8797259874653841, "hosts": 1.0, "https": 0.4334645095467133, "iframe": 0.27363358111062525, "image": 0.00017490161783996502, "media": 0.0, "plugin": 0.0, "reach": 8.26027025369747e-05, "reach_rank": 1018, "referer_leaked": 0.0765194578049847, "referer_leaked_header": 0.07544089782830493, "referer_leaked_url": 0.020113686051595976, "requests": 1.9094301122285384, "requests_failed": 1.7120536364961376, "requests_tracking": 0.1922168780061216, "script": 0.7961813146771608, "site_reach": 0.00011481043582703808, "site_reach_rank": 940, "stylesheet": 0.0, "tracked": 0.08267016469902347, "xhr": 0.00014575134819997084}, "date_range": ["2017-07", "2018-11"]}