{"id": "loadsource.org", "name": "loadsource.org", "category": "unknown", "website_url": null, "ghostery_id": null, "company_id": null, "iab_vendor": null, "truste_type": null, "description": null, "privacy_url": null, "domains": ["loadsource.org"], "overview": {"bad_qs": 0.6779658697577075, "beacon": 0.0, "content_length": 10.196376076632053, "cookies": 0.7632520325203253, "font": 0.0, "has_blocking": 0.00029300491024712233, "hosts": 1.0, "https": 0.8251734685663689, "iframe": 0.0, "image": 0.002030105449569348, "media": 0.0, "plugin": 0.0, "reach": 0.002991323053831328, "reach_rank": 219, "referer_leaked": 0.5868735410126379, "referer_leaked_header": 0.5868735410126379, "referer_leaked_url": 0.0, "requests": 4.297710697899058, "requests_failed": 3.0627545681397415, "requests_tracking": 4.419514609997584, "script": 0.9993673025839168, "site_reach": 0.01474320548528936, "site_reach_rank": 59, "stylesheet": 1.126941962488932e-05, "tracked": 0.9719544393463736, "xhr": 0.0007188279803590115}, "date_range": ["2018-08", "2018-11"]}