{"id": "loadercdn.com", "name": "loadercdn.com", "category": "unknown", "website_url": null, "ghostery_id": null, "company_id": null, "iab_vendor": null, "truste_type": null, "description": null, "privacy_url": null, "domains": ["loadercdn.com"], "overview": {"bad_qs": 0.0, "beacon": 0.007651464341605188, "content_length": 10.790733288620613, "cookies": 0.07605633802816901, "font": 0.0, "has_blocking": 0.9039738430583499, "hosts": 1.0, "https": 0.9986809747373128, "iframe": 0.0002570981444220881, "image": 0.07818578135479544, "media": 0.0, "plugin": 0.0, "reach": 0.0004308198670140072, "reach_rank": 770, "referer_leaked": 0.053465235859602056, "referer_leaked_header": 0.053465235859602056, "referer_leaked_url": 0.0, "requests": 1.9735077129443328, "requests_failed": 1.6167728593784931, "requests_tracking": 0.10295103957075788, "script": 0.3599150458305388, "site_reach": 0.00045813779680981535, "site_reach_rank": 623, "stylesheet": 0.0, "tracked": 0.07605633802816901, "xhr": 0.8173764811088755}, "date_range": ["2018-04", "2018-11"]}