{"id": "logsss.com", "name": "logsss.com", "category": "unknown", "website_url": null, "ghostery_id": "logsss.com", "company_id": null, "iab_vendor": null, "truste_type": null, "description": null, "privacy_url": null, "domains": ["logsss.com"], "overview": {"bad_qs": 0.029277492881658256, "beacon": 3.6551177130659495e-05, "content_length": 30845.78752800734, "cookies": 0.6544817225838758, "font": 3.6551177130659484e-06, "has_blocking": 0.00030337477018447384, "hosts": 1.0, "https": 1.8400154976991037, "iframe": 0.0, "image": 0.715511223038938, "media": 0.0, "plugin": 0.0, "reach": 0.0006587725050105924, "reach_rank": 654, "referer_leaked": 0.7091257323942117, "referer_leaked_header": 0.6557317728417443, "referer_leaked_url": 0.6644053671748499, "requests": 10.726048927405706, "requests_failed": 2.8505934083607163, "requests_tracking": 5.149720931762609, "script": 0.9870572281780334, "site_reach": 0.0001810472257272524, "site_reach_rank": 850, "stylesheet": 0.05806519998976568, "tracked": 0.6558268059022839, "xhr": 0.7328986179999927}, "date_range": ["2018-04", "2018-11"]}