{"id": "lottex_inc", "name": "vidcpm.com", "category": "unknown", "website_url": null, "ghostery_id": null, "company_id": null, "iab_vendor": null, "truste_type": null, "description": null, "privacy_url": null, "domains": ["vidcpm.com"], "overview": {"bad_qs": 0.00024710164308057263, "beacon": 0.0, "content_length": 17.125797992953242, "cookies": 0.049097642941032825, "font": 0.0, "has_blocking": 0.8463260346291149, "hosts": 1.0, "https": 0.9492598579020198, "iframe": 0.0, "image": 0.0042675907299091825, "media": 0.0, "plugin": 2.6163703385001804e-05, "reach": 0.0008282856271764718, "reach_rank": 573, "referer_leaked": 0.0541937509448004, "referer_leaked_header": 0.0341843320115818, "referer_leaked_url": 0.0428968452387874, "requests": 1.2055740316522672, "requests_failed": 1.1125882298219705, "requests_tracking": 0.0785986720466993, "script": 0.2332930218495994, "site_reach": 0.0012066135226822367, "site_reach_rank": 398, "stylesheet": 0.0, "tracked": 0.049306952568112836, "xhr": 0.8274096770817587}, "date_range": ["2018-05", "2018-11"]}