{"id": "marshadow.io", "name": "marshadow.io", "category": "advertising", "website_url": null, "ghostery_id": "marshadow.io", "company_id": null, "iab_vendor": null, "truste_type": null, "description": null, "privacy_url": null, "domains": ["marshadow.io"], "overview": {"bad_qs": 0.0, "beacon": 0.0, "content_length": 1.600877192982456, "cookies": 0.22249479631281596, "font": 0.0, "has_blocking": 0.011175537714342355, "hosts": 1.0, "https": 0.9999504410744376, "iframe": 0.9999504410744376, "image": 0.0, "media": 0.0, "plugin": 0.0, "reach": 9.717285129229418e-05, "reach_rank": 1004, "referer_leaked": 0.8489443948855189, "referer_leaked_header": 0.7650659133709982, "referer_leaked_url": 0.8489443948855189, "requests": 2.5701754385964914, "requests_failed": 0.96999207057191, "requests_tracking": 0.4317325800376648, "script": 2.4779462781246905e-05, "site_reach": 0.0003952128464046119, "site_reach_rank": 653, "stylesheet": 0.0, "tracked": 0.22249479631281596, "xhr": 0.0}, "date_range": ["2017-08", "2018-11"]}