{"id": "maxonclick_com", "name": "maxonclick.com", "category": "unknown", "website_url": null, "ghostery_id": null, "company_id": null, "iab_vendor": null, "truste_type": null, "description": null, "privacy_url": null, "domains": ["maxonclick.com"], "overview": {"bad_qs": 0.0, "beacon": 2.1405484085022585e-05, "content_length": 45.30263073399404, "cookies": 0.0429394010745553, "font": 0.0, "has_blocking": 0.8678211357749855, "hosts": 1.0, "https": 0.9864717340582656, "iframe": 0.05096645760643877, "image": 0.0, "media": 0.0, "plugin": 0.0, "reach": 0.0001124894462737166, "reach_rank": 993, "referer_leaked": 0.053192627951281116, "referer_leaked_header": 0.052678896333240584, "referer_leaked_url": 0.005929319091551255, "requests": 1.7868013785131749, "requests_failed": 1.67776184258407, "requests_tracking": 0.04788406789819552, "script": 0.9976668022347326, "site_reach": 1.2143411481705953e-05, "site_reach_rank": 1092, "stylesheet": 0.0, "tracked": 0.0429394010745553, "xhr": 0.0005779480702956097}, "date_range": ["2017-09", "2018-11"]}