{"id": "mobtrks.com", "name": "mobtrks.com", "category": "unknown", "website_url": null, "ghostery_id": "", "company_id": null, "iab_vendor": null, "truste_type": null, "description": null, "privacy_url": null, "domains": ["mobtrks.com"], "overview": {"bad_qs": 0.0007744205785231488, "beacon": 0.0, "content_length": 6.353154369900441, "cookies": 0.02123770994541884, "font": 0.0, "has_blocking": 0.9276938994244506, "hosts": 1.0, "https": 0.8760369491546425, "iframe": 0.0, "image": 0.0, "media": 0.0, "plugin": 0.0, "reach": 0.00038866010258550144, "reach_rank": 790, "referer_leaked": 0.018071878620416204, "referer_leaked_header": 0.018071878620416204, "referer_leaked_url": 0.0, "requests": 1.5925308684042598, "requests_failed": 1.5666776118108432, "requests_tracking": 0.02343706438842458, "script": 0.9999442417183464, "site_reach": 0.0002781945175809, "site_reach_rank": 739, "stylesheet": 0.0, "tracked": 0.021882027866750097, "xhr": 0.00017347020958918534}, "date_range": ["2017-09", "2018-11"]}