{"id": "modulepush.com", "name": "modulepush.com", "category": "advertising", "website_url": null, "ghostery_id": null, "company_id": null, "iab_vendor": null, "truste_type": null, "description": null, "privacy_url": null, "domains": ["modulepush.com"], "overview": {"bad_qs": 0.0, "beacon": 0.0, "content_length": 15.65466572733012, "cookies": 1.8298763918497304e-05, "font": 0.0, "has_blocking": 0.8752573263676039, "hosts": 1.0, "https": 0.8605176720312543, "iframe": 0.0, "image": 0.0, "media": 0.0, "plugin": 0.0, "reach": 0.0002631752683044374, "reach_rank": 877, "referer_leaked": 0.054960337429206654, "referer_leaked_header": 0.054960337429206654, "referer_leaked_url": 0.0, "requests": 1.114989432463837, "requests_failed": 1.058839675379928, "requests_tracking": 1.8298763918497304e-05, "script": 0.9999817012360817, "site_reach": 0.0002395563901391083, "site_reach_rank": 783, "stylesheet": 0.0, "tracked": 1.8298763918497304e-05, "xhr": 0.0005032160077586759}, "date_range": ["2018-06", "2018-11"]}