{"id": "mov.ad_", "name": "Mov.ad ", "category": "misc", "website_url": null, "ghostery_id": "c_3421", "company_id": null, "iab_vendor": null, "truste_type": null, "description": null, "privacy_url": null, "domains": ["movad.de", "movad.net"], "overview": {"bad_qs": 0.003931002112180239, "beacon": 0.0, "content_length": 673895.232961746, "cookies": 0.19241961980755687, "font": 0.0, "has_blocking": 0.15389579910819054, "hosts": 1.010713447547524, "https": 1.3074630368458109, "iframe": 0.12717671908002814, "image": 0.655432996949073, "media": 0.04902605022295236, "plugin": 0.008765547993428772, "reach": 0.00020520047544675665, "reach_rank": 918, "referer_leaked": 0.4862004224360479, "referer_leaked_header": 0.4217906594696081, "referer_leaked_url": 0.2918329030743957, "requests": 15.182856137057028, "requests_failed": 2.942490025815536, "requests_tracking": 2.235249941328327, "script": 0.6898967378549636, "site_reach": 0.00031683264502269164, "site_reach_rank": 712, "stylesheet": 0.015055151372917156, "tracked": 0.1955644214973011, "xhr": 0.23093170617226005}, "date_range": ["2017-05", "2018-11"]}