{"id": "netflix", "name": "Netflix", "category": "misc", "website_url": null, "ghostery_id": "c_2098", "company_id": null, "iab_vendor": null, "truste_type": null, "description": null, "privacy_url": null, "domains": ["netflix.com", "nflxext.com", "nflximg.net", "nflxso.net"], "overview": {"bad_qs": 0.0, "beacon": 1.3636369834713562e-06, "content_length": 5576343.5584038915, "cookies": 0.02757546707975776, "font": 0.6394857452207933, "has_blocking": 0.50564886620403, "hosts": 2.2389091995041817, "https": 1.897612680733037, "iframe": 0.5606716184870993, "image": 0.8490358404708366, "media": 0.04989411358823345, "plugin": 0.002100000954545889, "reach": 0.001765785968796015, "reach_rank": 330, "referer_leaked": 0.9102208682822128, "referer_leaked_header": 0.9084726856694024, "referer_leaked_url": 0.01138091426405194, "requests": 133.13948097249136, "requests_failed": 36.07895458134299, "requests_tracking": 0.08313549233431469, "script": 0.9147467794303544, "site_reach": 0.0003852773279195797, "site_reach_rank": 659, "stylesheet": 0.8927826785375812, "tracked": 0.02757546707975776, "xhr": 0.49846522657510295}, "date_range": ["2017-05", "2018-11"]}