{"id": "noop.style", "name": "noop.style", "category": "unknown", "website_url": null, "ghostery_id": null, "company_id": null, "iab_vendor": null, "truste_type": null, "description": null, "privacy_url": null, "domains": ["noop.style"], "overview": {"bad_qs": 0.0, "beacon": 0.0, "content_length": 14.842972443591671, "cookies": 0.7943916912868257, "font": 0.0, "has_blocking": 0.016222050214222638, "hosts": 1.0, "https": 0.8330753213339583, "iframe": 7.267943644364981e-06, "image": 0.0, "media": 0.0, "plugin": 0.9999745621972448, "reach": 0.001325211735130578, "reach_rank": 430, "referer_leaked": 0.7240943233726166, "referer_leaked_header": 0.7240943233726166, "referer_leaked_url": 0.0, "requests": 1.0713639386440197, "requests_failed": 0.3185812247211835, "requests_tracking": 0.8262398203364331, "script": 0.0, "site_reach": 0.0061257991192714845, "site_reach_rank": 127, "stylesheet": 0.0, "tracked": 0.7943916912868257, "xhr": 1.8169859110912453e-06}, "date_range": ["2018-09", "2018-11"]}