{"id": "o12zs3u2n.com", "name": "o12zs3u2n.com", "category": "unknown", "website_url": null, "ghostery_id": null, "company_id": null, "iab_vendor": null, "truste_type": null, "description": null, "privacy_url": null, "domains": ["o12zs3u2n.com"], "overview": {"bad_qs": 0.0, "beacon": 0.0, "content_length": 16.06106190543137, "cookies": 0.008247809175687706, "font": 0.004498805004920568, "has_blocking": 0.9522470593748537, "hosts": 1.0, "https": 0.9205679741318712, "iframe": 0.0013590140119030885, "image": 9.37251042691785e-05, "media": 0.0, "plugin": 0.0, "reach": 5.1381987157455295e-05, "reach_rank": 1050, "referer_leaked": 0.00496743052626646, "referer_leaked_header": 0.00496743052626646, "referer_leaked_url": 4.686255213458925e-05, "requests": 2.090585313276161, "requests_failed": 2.0772294859178033, "requests_tracking": 0.012184263554993205, "script": 0.999203336613712, "site_reach": 7.396441538857259e-05, "site_reach_rank": 993, "stylesheet": 0.9820047799803178, "tracked": 0.008247809175687706, "xhr": 0.000562350625615071}, "date_range": ["2018-09", "2018-11"]}