{"id": "oclasrv.com", "name": "oclasrv.com", "category": "unknown", "website_url": null, "ghostery_id": "oclasrv.com", "company_id": null, "iab_vendor": null, "truste_type": null, "description": null, "privacy_url": null, "domains": ["oclasrv.com"], "overview": {"bad_qs": 0.0007116694954683613, "beacon": 0.0, "content_length": 28.088605026328867, "cookies": 0.016722059000444975, "font": 0.0, "has_blocking": 0.9180493008680628, "hosts": 1.0, "https": 0.7247085561226043, "iframe": 7.247143538374351e-05, "image": 0.0, "media": 0.0, "plugin": 0.0, "reach": 0.001661269049795288, "reach_rank": 343, "referer_leaked": 0.03670823145057376, "referer_leaked_header": 0.03670823145057376, "referer_leaked_url": 2.753914544582253e-05, "requests": 1.3330497284495315, "requests_failed": 1.2739057900328583, "requests_tracking": 0.02113701884402263, "script": 0.999847809985694, "site_reach": 0.0012772660985757983, "site_reach_rank": 389, "stylesheet": 0.0, "tracked": 0.01741923420883659, "xhr": 0.00026524545350450115}, "date_range": ["2017-08", "2018-11"]}