{"id": "oghub.io", "name": "OG Hub", "category": "unknown", "website_url": null, "ghostery_id": null, "company_id": null, "iab_vendor": null, "truste_type": null, "description": null, "privacy_url": null, "domains": ["oghub.io"], "overview": {"bad_qs": 0.0, "beacon": 0.0, "content_length": 58.42224436307329, "cookies": 0.09330676431205062, "font": 0.0, "has_blocking": 0.0, "hosts": 1.0, "https": 1.3107242808277857, "iframe": 0.0, "image": 0.0, "media": 0.0, "plugin": 0.0, "reach": 0.0011382847448770325, "reach_rank": 480, "referer_leaked": 0.7038061815281841, "referer_leaked_header": 0.7038061815281841, "referer_leaked_url": 0.0, "requests": 1.9418844966799298, "requests_failed": 0.4581590798995624, "requests_tracking": 0.10203054168226752, "script": 0.9911937232802588, "site_reach": 3.9742073940128556e-05, "site_reach_rank": 1046, "stylesheet": 0.0, "tracked": 0.09330676431205062, "xhr": 0.2543772251026482}, "date_range": ["2018-11", "2018-11"]}