{"id": "othersearch.info", "name": "FlowSurf", "category": "misc", "website_url": null, "ghostery_id": "othersearch.info", "company_id": null, "iab_vendor": null, "truste_type": null, "description": null, "privacy_url": null, "domains": ["othersearch.info"], "overview": {"bad_qs": 0.0011716461628588164, "beacon": 0.0, "content_length": 960.9841260842453, "cookies": 0.9533042311544494, "font": 0.0, "has_blocking": 0.0, "hosts": 1.0, "https": 0.9970330895553414, "iframe": 0.8111004025171495, "image": 0.007370032314757072, "media": 0.0, "plugin": 0.0, "reach": 0.00012741837079577588, "reach_rank": 977, "referer_leaked": 0.14050305194927906, "referer_leaked_header": 0.14046525691176748, "referer_leaked_url": 5.66925562673621e-05, "requests": 4.027684864977228, "requests_failed": 1.1775043936731109, "requests_tracking": 1.9404917134380253, "script": 0.9948220798609144, "site_reach": 2.539076946174881e-05, "site_reach_rank": 1074, "stylesheet": 0.0, "tracked": 0.9533042311544494, "xhr": 0.8233648921896555}, "date_range": ["2017-10", "2018-11"]}