{"id": "otto.de", "name": "otto.de", "category": "misc", "website_url": null, "ghostery_id": "otto.de", "company_id": null, "iab_vendor": null, "truste_type": null, "description": null, "privacy_url": null, "domains": ["otto.de"], "overview": {"bad_qs": 0.003880526304455499, "beacon": 0.0006718780282964017, "content_length": 40442.70493787282, "cookies": 0.9726597325408618, "font": 0.011245343153089131, "has_blocking": 0.00035316665589939055, "hosts": 1.0, "https": 1.0155565605013244, "iframe": 0.0008656889979972867, "image": 0.9828886448306308, "media": 1.7227641751189787e-05, "plugin": 1.2920731313392336e-05, "reach": 0.00055907618389586, "reach_rank": 704, "referer_leaked": 0.09211189353317398, "referer_leaked_header": 0.0920774382496716, "referer_leaked_url": 0.0008484613562460969, "requests": 5.0406873829058725, "requests_failed": 1.250412386674419, "requests_tracking": 3.5573917350388697, "script": 0.0034584490815513487, "site_reach": 0.0004713851547898583, "site_reach_rank": 613, "stylesheet": 0.004052802721967397, "tracked": 0.9751103645799686, "xhr": 0.0014083597131597648}, "date_range": ["2017-05", "2018-11"]}