{"id": "perfdrive.com", "name": "perfdrive.com", "category": "unknown", "website_url": null, "ghostery_id": null, "company_id": null, "iab_vendor": null, "truste_type": null, "description": null, "privacy_url": null, "domains": ["perfdrive.com"], "overview": {"bad_qs": 4.366335552887239e-06, "beacon": 0.0, "content_length": 5693.325654404541, "cookies": 0.0076672852308699935, "font": 0.0, "has_blocking": 4.3663355528872386e-05, "hosts": 1.0, "https": 1.5558388822180984, "iframe": 4.366335552887239e-06, "image": 2.619801331732344e-05, "media": 0.0, "plugin": 0.0, "reach": 0.0005514672481717137, "reach_rank": 708, "referer_leaked": 0.7193013863115381, "referer_leaked_header": 0.684492959283921, "referer_leaked_url": 0.5564807335443729, "requests": 2.9411810937670557, "requests_failed": 0.7289291562056543, "requests_tracking": 0.007920532692937451, "script": 0.9958170505403341, "site_reach": 0.0003080010730359964, "site_reach_rank": 716, "stylesheet": 5.6762362187534104e-05, "tracked": 0.00767165156642288, "xhr": 0.560506494924135}, "date_range": ["2018-02", "2018-11"]}