{"id": "piguiqproxy.com", "name": "piguiqproxy.com", "category": "unknown", "website_url": null, "ghostery_id": null, "company_id": null, "iab_vendor": null, "truste_type": null, "description": null, "privacy_url": null, "domains": ["piguiqproxy.com"], "overview": {"bad_qs": 0.0, "beacon": 0.0, "content_length": 37785.651743204086, "cookies": 0.06732447952779702, "font": 0.0, "has_blocking": 0.2464771454477572, "hosts": 1.0, "https": 0.7984496950948495, "iframe": 0.0, "image": 0.0, "media": 7.11149039059861e-06, "plugin": 0.0, "reach": 0.0006771832399937644, "reach_rank": 646, "referer_leaked": 0.6528241506213665, "referer_leaked_header": 0.6528241506213665, "referer_leaked_url": 4.978043273419026e-05, "requests": 6.659327608583569, "requests_failed": 2.021231354561132, "requests_tracking": 0.20286948637260652, "script": 0.0, "site_reach": 0.0003874852209162535, "site_reach_rank": 656, "stylesheet": 0.0, "tracked": 0.06732447952779702, "xhr": 0.9998151012498444}, "date_range": ["2018-03", "2018-11"]}