{"id": "pmddby.com", "name": "pmddby.com", "category": "extensions", "website_url": null, "ghostery_id": null, "company_id": null, "iab_vendor": null, "truste_type": null, "description": null, "privacy_url": null, "domains": ["pmddby.com"], "overview": {"bad_qs": 0.00019974033756117049, "beacon": 0.11922500749026264, "content_length": 324.5957255567762, "cookies": 0.5282133226805154, "font": 0.0, "has_blocking": 0.0004993508439029261, "hosts": 1.0, "https": 0.7567562169180065, "iframe": 0.0, "image": 0.009507640067911714, "media": 0.0, "plugin": 0.0, "reach": 0.00012055106551562859, "reach_rank": 985, "referer_leaked": 0.7074403275741536, "referer_leaked_header": 0.6712074303405573, "referer_leaked_url": 0.2884649955058424, "requests": 2.6235094377309496, "requests_failed": 0.4746629381803655, "requests_tracking": 1.4027763906921005, "script": 0.8321182462798362, "site_reach": 0.0007672428163441486, "site_reach_rank": 511, "stylesheet": 0.0, "tracked": 0.5283531409168082, "xhr": 0.000419454708878458}, "date_range": ["2017-11", "2018-11"]}