{"id": "pub.network", "name": "pub.network", "category": "advertising", "website_url": null, "ghostery_id": null, "company_id": null, "iab_vendor": null, "truste_type": null, "description": null, "privacy_url": null, "domains": ["pub.network"], "overview": {"bad_qs": 0.0, "beacon": 0.0, "content_length": 35.812549260123035, "cookies": 0.027975714927464892, "font": 0.0, "has_blocking": 0.9458885113960688, "hosts": 1.0, "https": 1.0241720936863654, "iframe": 0.0, "image": 0.0015010047047620586, "media": 0.0, "plugin": 0.0, "reach": 0.0008951359064516219, "reach_rank": 551, "referer_leaked": 0.029274971688038495, "referer_leaked_header": 0.028228572350847744, "referer_leaked_url": 0.00877738055849211, "requests": 1.8701442632299576, "requests_failed": 1.1166318315216368, "requests_tracking": 0.7169987437828008, "script": 0.9995400146872504, "site_reach": 0.0002991695010493011, "site_reach_rank": 724, "stylesheet": 0.0, "tracked": 0.027975714927464892, "xhr": 0.02738661093043462}, "date_range": ["2018-09", "2018-11"]}