{"id": "puserving.com", "name": "puserving.com", "category": "unknown", "website_url": null, "ghostery_id": null, "company_id": null, "iab_vendor": null, "truste_type": null, "description": null, "privacy_url": null, "domains": ["puserving.com"], "overview": {"bad_qs": 0.0, "beacon": 0.0, "content_length": 6.565766386251456, "cookies": 0.0, "font": 0.0, "has_blocking": 0.8975746544005508, "hosts": 1.0, "https": 0.5873960741870419, "iframe": 3.2797100736294914e-05, "image": 0.0, "media": 0.0, "plugin": 0.0, "reach": 0.0001468356042386607, "reach_rank": 961, "referer_leaked": 0.021449303881536867, "referer_leaked_header": 0.021449303881536867, "referer_leaked_url": 0.0, "requests": 1.7047932962726096, "requests_failed": 1.6733244781161345, "requests_tracking": 0.0, "script": 0.9993112608845378, "site_reach": 0.00024838796212580354, "site_reach_rank": 773, "stylesheet": 0.0, "tracked": 0.0, "xhr": 0.00024597825552221184}, "date_range": ["2018-03", "2018-11"]}