{"id": "pushnative.com", "name": "pushnative.com", "category": "unknown", "website_url": null, "ghostery_id": "pushnative.com", "company_id": null, "iab_vendor": null, "truste_type": null, "description": null, "privacy_url": null, "domains": ["pushnative.com"], "overview": {"bad_qs": 0.0, "beacon": 0.0, "content_length": 0.42948050445447183, "cookies": 0.09047784334143236, "font": 0.0, "has_blocking": 0.8871533803848972, "hosts": 1.0, "https": 0.7446102819237148, "iframe": 0.0, "image": 0.0, "media": 0.0, "plugin": 0.0, "reach": 6.243420708588303e-05, "reach_rank": 1039, "referer_leaked": 0.08735392803424738, "referer_leaked_header": 0.08735392803424738, "referer_leaked_url": 0.0, "requests": 1.4529291526861814, "requests_failed": 1.3207219715376606, "requests_tracking": 0.13020170465501948, "script": 0.9999614331443556, "site_reach": 4.415785993347618e-05, "site_reach_rank": 1040, "stylesheet": 0.0, "tracked": 0.09047784334143236, "xhr": 0.0004628022677311119}, "date_range": ["2017-09", "2018-11"]}