{"id": "pvclouds.com", "name": "pvclouds.com", "category": "unknown", "website_url": null, "ghostery_id": null, "company_id": null, "iab_vendor": null, "truste_type": null, "description": null, "privacy_url": null, "domains": ["pvclouds.com"], "overview": {"bad_qs": 0.0, "beacon": 0.0, "content_length": 33.894178005470195, "cookies": 7.385506190285104e-06, "font": 0.0, "has_blocking": 0.8765561877001781, "hosts": 1.0, "https": 0.6845551832713361, "iframe": 0.0, "image": 0.0, "media": 0.0, "plugin": 0.0, "reach": 0.0009780877531911287, "reach_rank": 524, "referer_leaked": 0.07788754828274673, "referer_leaked_header": 0.07788754828274673, "referer_leaked_url": 0.0, "requests": 1.261786652420846, "requests_failed": 1.1598026592745956, "requests_tracking": 9.847341587046806e-06, "script": 0.9996553430444534, "site_reach": 0.0009549137210614224, "site_reach_rank": 457, "stylesheet": 0.0, "tracked": 7.385506190285104e-06, "xhr": 0.0002486453750729319}, "date_range": ["2018-05", "2018-11"]}