{"id": "rambler", "name": "Rambler", "category": "misc", "website_url": null, "ghostery_id": "c_672", "company_id": null, "iab_vendor": null, "truste_type": null, "description": null, "privacy_url": null, "domains": ["rambler.ru", "rnet.plus", "top100.ru"], "overview": {"bad_qs": 0.2398166157370459, "beacon": 0.05186016347900296, "content_length": 6827.617741117983, "cookies": 0.4994470552068059, "font": 0.004724206790440508, "has_blocking": 0.3659493623731887, "hosts": 1.4284405903245383, "https": 1.043370513649778, "iframe": 0.04634727190698035, "image": 0.6565721787680487, "media": 6.396775423137287e-06, "plugin": 4.139089979677068e-06, "reach": 0.0063991847728475755, "reach_rank": 118, "referer_leaked": 0.5871701756742672, "referer_leaked_header": 0.5731228568450577, "referer_leaked_url": 0.2225426881282245, "requests": 5.7676043963156065, "requests_failed": 2.907078558798972, "requests_tracking": 2.5712839720513587, "script": 0.7832328475170541, "site_reach": 0.00789652930260388, "site_reach_rank": 99, "stylesheet": 0.030409517799780177, "tracked": 0.5503601196422773, "xhr": 0.09818147200338352}, "date_range": ["2017-05", "2018-11"]}