{"id": "redtube.com", "name": "redtube.com", "category": "cdn", "website_url": null, "ghostery_id": "redtube.com", "company_id": null, "iab_vendor": null, "truste_type": null, "description": null, "privacy_url": null, "domains": ["rdtcdn.com", "redtube.com"], "overview": {"bad_qs": 0.0, "beacon": 0.0, "content_length": 117723699.67385906, "cookies": 0.14352702121839708, "font": 0.09987886366300652, "has_blocking": 0.10776515891595413, "hosts": 1.1031186390101633, "https": 1.5314439380321918, "iframe": 0.04774050536232553, "image": 0.8131125644313875, "media": 0.5568292830220852, "plugin": 0.0052291110866391245, "reach": 0.0006778237390135817, "reach_rank": 644, "referer_leaked": 0.8017378268638478, "referer_leaked_header": 0.8016063886096321, "referer_leaked_url": 0.0009875630992429868, "requests": 17.301757364982716, "requests_failed": 4.831957968177734, "requests_tracking": 1.0806924309327497, "script": 0.1448165370638115, "site_reach": 0.0004956719777532702, "site_reach_rank": 600, "stylesheet": 0.1259142951534808, "tracked": 0.14352702121839708, "xhr": 0.016095857563561054}, "date_range": ["2017-05", "2018-11"]}