{"id": "rtbsuperhub.com", "name": "rtbsuperhub.com", "category": "advertising", "website_url": null, "ghostery_id": null, "company_id": null, "iab_vendor": null, "truste_type": null, "description": null, "privacy_url": null, "domains": ["rtbsuperhub.com"], "overview": {"bad_qs": 0.07296485068580524, "beacon": 0.0, "content_length": 7994.1947405317505, "cookies": 0.8035327445425763, "font": 0.0, "has_blocking": 0.03955949870423895, "hosts": 1.0, "https": 0.8745036746749105, "iframe": 0.8151342592326566, "image": 0.12882048394233145, "media": 0.0, "plugin": 0.0, "reach": 0.000838085743757888, "reach_rank": 569, "referer_leaked": 0.5360313510966563, "referer_leaked_header": 0.2345815927230519, "referer_leaked_url": 0.34309511633118617, "requests": 4.768185187526217, "requests_failed": 1.6070769814226364, "requests_tracking": 2.1749449804342955, "script": 0.7734055818283159, "site_reach": 0.0008080888367826142, "site_reach_rank": 499, "stylesheet": 6.608094053289971e-05, "tracked": 0.8509960983514242, "xhr": 5.458860304891713e-05}, "date_range": ["2018-01", "2018-11"]}