{"id": "rtl_group", "name": "RTL Group", "category": "misc", "website_url": null, "ghostery_id": "c_2991", "company_id": null, "iab_vendor": null, "truste_type": null, "description": null, "privacy_url": null, "domains": ["rtl.de", "static-fra.de", "technical-service.net"], "overview": {"bad_qs": 0.0002683411152256749, "beacon": 0.0, "content_length": 22296.15847715139, "cookies": 0.7873971678512011, "font": 0.0007564663819695216, "has_blocking": 0.000999251200507037, "hosts": 1.5821519935189232, "https": 1.4957001530822172, "iframe": 0.009918398744674707, "image": 0.8888837776295513, "media": 0.00018144970648593253, "plugin": 0.00024278481853751537, "reach": 0.000942190913388732, "reach_rank": 537, "referer_leaked": 0.8810661064726433, "referer_leaked_header": 0.8808514335804627, "referer_leaked_url": 0.009545276813027578, "requests": 5.42537433585574, "requests_failed": 1.7027879364057112, "requests_tracking": 2.130674456225897, "script": 0.813681818994973, "site_reach": 0.00032235237751437613, "site_reach_rank": 706, "stylesheet": 0.02054215127794261, "tracked": 0.7874022791105386, "xhr": 0.1171986209822307}, "date_range": ["2017-05", "2018-11"]}