{"id": "s3xified.com", "name": "s3xified.com", "category": "unknown", "website_url": null, "ghostery_id": "s3xified.com", "company_id": null, "iab_vendor": null, "truste_type": null, "description": null, "privacy_url": null, "domains": ["s3xified.com"], "overview": {"bad_qs": 3.405917213505597e-05, "beacon": 2.270611475670398e-05, "content_length": 794.9728775459232, "cookies": 0.8683499466406304, "font": 0.0, "has_blocking": 0.0011012465657001431, "hosts": 1.0, "https": 0.9299516359755682, "iframe": 0.003235621352830317, "image": 0.9894643627528894, "media": 0.0, "plugin": 0.0, "reach": 0.0002120918596374233, "reach_rank": 915, "referer_leaked": 0.035796189913943816, "referer_leaked_header": 0.035796189913943816, "referer_leaked_url": 0.0002951794918371517, "requests": 12.286108398991846, "requests_failed": 4.638393769442112, "requests_tracking": 7.452351218183058, "script": 0.005835471492472923, "site_reach": 0.0004868404057665749, "site_reach_rank": 603, "stylesheet": 0.0, "tracked": 0.8683499466406304, "xhr": 0.0005449467541608956}, "date_range": ["2017-09", "2018-11"]}