{"id": "scribblelive", "name": "ScribbleLive", "category": "misc", "website_url": null, "ghostery_id": "c_3436", "company_id": null, "iab_vendor": null, "truste_type": null, "description": null, "privacy_url": null, "domains": ["scribblelive.com"], "overview": {"bad_qs": 0.0012938932018662285, "beacon": 0.0, "content_length": 575801.317154946, "cookies": 0.2810770480346045, "font": 0.00012277818703840124, "has_blocking": 0.000963336544455148, "hosts": 1.0, "https": 1.0945108705917908, "iframe": 0.11311648816607167, "image": 0.2842315029938989, "media": 0.010436145898264105, "plugin": 0.0009066696888989631, "reach": 0.0002549523203620452, "reach_rank": 878, "referer_leaked": 0.9388753518067282, "referer_leaked_header": 0.9275797585991952, "referer_leaked_url": 0.17146446043709035, "requests": 66.76789255964187, "requests_failed": 4.01722672408908, "requests_tracking": 21.33353166732778, "script": 0.9248691940084244, "site_reach": 0.00017773538623224166, "site_reach_rank": 857, "stylesheet": 0.008500028333427778, "tracked": 0.2812753820290512, "xhr": 0.14673882246274153}, "date_range": ["2017-05", "2018-11"]}