{"id": "sevenone_media", "name": "SevenOne Media", "category": "advertising", "website_url": null, "ghostery_id": "c_m11", "company_id": null, "iab_vendor": null, "truste_type": null, "description": null, "privacy_url": null, "domains": ["71i.de"], "overview": {"bad_qs": 0.0, "beacon": 0.0, "content_length": 255154.45837385606, "cookies": 0.12606257655230785, "font": 0.0, "has_blocking": 0.08168156681465084, "hosts": 1.0, "https": 1.1383333265512905, "iframe": 0.005198435789653587, "image": 0.0121181540364684, "media": 0.01754039723780962, "plugin": 8.138451334095635e-06, "reach": 0.0011834640046846773, "reach_rank": 466, "referer_leaked": 0.5339780343198492, "referer_leaked_header": 0.5339353074503452, "referer_leaked_url": 0.00010579986734324326, "requests": 5.151615279128535, "requests_failed": 1.8764440664585933, "requests_tracking": 0.7664325505499558, "script": 0.9868950587392724, "site_reach": 0.0002704668920925416, "site_reach_rank": 745, "stylesheet": 0.26009269696069537, "tracked": 0.12606257655230785, "xhr": 0.011550497055915229}, "date_range": ["2017-05", "2018-11"]}