{"id": "seznam", "name": "Seznam", "category": "site_analytics", "website_url": null, "ghostery_id": "2707", "company_id": "seznam", "iab_vendor": null, "truste_type": null, "description": null, "privacy_url": null, "domains": ["imedia.cz", "szn.cz"], "overview": {"bad_qs": 0.14789894549045846, "beacon": 0.0, "content_length": 1953513.6749354869, "cookies": 0.6121427888750837, "font": 1.1150403007422982e-05, "has_blocking": 0.3403373793367103, "hosts": 1.231141482685017, "https": 1.2853754499984071, "iframe": 0.16882347319124535, "image": 0.5558093599668674, "media": 0.006199624072127178, "plugin": 9.079613877473e-05, "reach": 0.0015116258445900595, "reach_rank": 380, "referer_leaked": 0.6085077574946637, "referer_leaked_header": 0.5627098665137469, "referer_leaked_url": 0.5357545637006594, "requests": 20.483150148141068, "requests_failed": 6.798833986428367, "requests_tracking": 12.98247156647233, "script": 0.9567890025168052, "site_reach": 0.0034895748812429554, "site_reach_rank": 192, "stylesheet": 0.02294275064513046, "tracked": 0.6143521615852687, "xhr": 0.2270142406575552}, "date_range": ["2018-02", "2018-11"]}