{"id": "sheego.de", "name": "sheego.de", "category": "misc", "website_url": null, "ghostery_id": "sheego.de", "company_id": null, "iab_vendor": null, "truste_type": null, "description": null, "privacy_url": null, "domains": ["sheego.de"], "overview": {"bad_qs": 0.0, "beacon": 0.0, "content_length": 653665.4025974026, "cookies": 0.6266233766233766, "font": 0.0, "has_blocking": 0.21753246753246752, "hosts": 1.0, "https": 0.07142857142857142, "iframe": 0.0, "image": 0.9220779220779219, "media": 0.0, "plugin": 0.0, "reach": 7.416304439990734e-07, "reach_rank": 1103, "referer_leaked": 0.016233766233766232, "referer_leaked_header": 0.016233766233766232, "referer_leaked_url": 0.0, "requests": 46.915584415584405, "requests_failed": 19.879870129870127, "requests_tracking": 16.899350649350648, "script": 0.003246753246753247, "site_reach": 5.519732491684523e-06, "site_reach_rank": 1100, "stylesheet": 0.006493506493506494, "tracked": 0.6266233766233766, "xhr": 0.0}, "date_range": ["2017-05", "2018-11"]}