{"id": "sixt-neuwagen.de", "name": "sixt-neuwagen.de", "category": "misc", "website_url": null, "ghostery_id": "sixt-neuwagen.de", "company_id": null, "iab_vendor": null, "truste_type": null, "description": null, "privacy_url": null, "domains": ["sixt-neuwagen.de"], "overview": {"bad_qs": 0.016987765433834904, "beacon": 0.0, "content_length": 61.05315708057939, "cookies": 0.9749402334411476, "font": 2.812543945999156e-05, "has_blocking": 0.0, "hosts": 1.0, "https": 0.9992968640135004, "iframe": 2.812543945999156e-05, "image": 0.99954999296864, "media": 0.0, "plugin": 2.812543945999156e-05, "reach": 8.561256635190603e-05, "reach_rank": 1013, "referer_leaked": 0.08555758683729434, "referer_leaked_header": 0.08555758683729434, "referer_leaked_url": 2.812543945999156e-05, "requests": 1.5175643369427647, "requests_failed": 0.4546196034313036, "requests_tracking": 1.0979609056391506, "script": 8.437631837997468e-05, "site_reach": 0.00017883933273057858, "site_reach_rank": 854, "stylesheet": 0.00019687807621994092, "tracked": 0.9890592040500632, "xhr": 0.00014062719729995778}, "date_range": ["2017-08", "2018-11"]}