{"id": "smartlink.cool", "name": "smartlink.cool", "category": "unknown", "website_url": null, "ghostery_id": null, "company_id": null, "iab_vendor": null, "truste_type": null, "description": null, "privacy_url": null, "domains": ["smartlink.cool"], "overview": {"bad_qs": 0.0, "beacon": 0.0, "content_length": 1250.957292260659, "cookies": 0.8615678114112213, "font": 5.971022627190246e-05, "has_blocking": 0.033303378703153586, "hosts": 1.0, "https": 0.8770387310382712, "iframe": 0.0, "image": 0.8074434768070554, "media": 0.0, "plugin": 0.0, "reach": 0.0008065255157400442, "reach_rank": 583, "referer_leaked": 0.8665864559293748, "referer_leaked_header": 0.6566990395610104, "referer_leaked_url": 0.7966926505667993, "requests": 23.136270678397736, "requests_failed": 3.4740126167708114, "requests_tracking": 19.736734626855867, "script": 0.9992446656376603, "site_reach": 0.0037754970243122133, "site_reach_rank": 178, "stylesheet": 0.0, "tracked": 0.8615678114112213, "xhr": 0.0060635734779116955}, "date_range": ["2018-10", "2018-11"]}