{"id": "spotscenered.info", "name": "spotscenered.info", "category": "unknown", "website_url": null, "ghostery_id": "spotscenered.info", "company_id": null, "iab_vendor": null, "truste_type": null, "description": null, "privacy_url": null, "domains": ["spotscenered.info"], "overview": {"bad_qs": 0.011565553915972936, "beacon": 0.0, "content_length": 958.1751092797284, "cookies": 0.2442130467466659, "font": 0.0, "has_blocking": 0.6590528162151628, "hosts": 1.0, "https": 1.012439791742072, "iframe": 0.019667566890330484, "image": 0.058562797561043524, "media": 0.0, "plugin": 0.0, "reach": 0.00043242111456355065, "reach_rank": 767, "referer_leaked": 0.2304312720995629, "referer_leaked_header": 0.09804827797421832, "referer_leaked_url": 0.22399977726424813, "requests": 1.752083971378456, "requests_failed": 1.083687390372247, "requests_tracking": 0.6820614193835788, "script": 0.21981234512904751, "site_reach": 0.000985824223014856, "site_reach_rank": 447, "stylesheet": 0.0, "tracked": 0.2450371690285937, "xhr": 0.8355152156360498}, "date_range": ["2017-10", "2018-11"]}