{"id": "srvtrck.com", "name": "srvtrck.com", "category": "extensions", "website_url": null, "ghostery_id": "srvtrck.com", "company_id": null, "iab_vendor": null, "truste_type": null, "description": null, "privacy_url": null, "domains": ["srvtrck.com"], "overview": {"bad_qs": 0.008272630769793916, "beacon": 0.0, "content_length": 12446.55715802189, "cookies": 0.5651744207328233, "font": 0.0, "has_blocking": 0.0007320912185658332, "hosts": 1.0, "https": 0.9781470771258098, "iframe": 0.5624290786632015, "image": 0.5823785643691204, "media": 0.0, "plugin": 0.0, "reach": 6.578117564808665e-05, "reach_rank": 1034, "referer_leaked": 0.5200776016691679, "referer_leaked_header": 0.470515026172261, "referer_leaked_url": 0.4992862110618983, "requests": 4.393206193491709, "requests_failed": 1.275851971155606, "requests_tracking": 2.3194846077821296, "script": 0.9468501775321204, "site_reach": 6.734073639855119e-05, "site_reach_rank": 1003, "stylesheet": 0.0, "tracked": 0.5670412533401662, "xhr": 0.031845968007613745}, "date_range": ["2017-05", "2018-11"]}