{"id": "statsy.net", "name": "statsy.net", "category": "unknown", "website_url": null, "ghostery_id": null, "company_id": null, "iab_vendor": null, "truste_type": null, "description": null, "privacy_url": null, "domains": ["statsy.net"], "overview": {"bad_qs": 0.0, "beacon": 0.0, "content_length": 1.1651289176545077, "cookies": 0.6213039501917057, "font": 0.0, "has_blocking": 7.035069823067993e-06, "hosts": 1.0, "https": 0.8797900031657814, "iframe": 0.0, "image": 0.0, "media": 0.0, "plugin": 0.0, "reach": 0.0013690786943149128, "reach_rank": 417, "referer_leaked": 0.6295719160012663, "referer_leaked_header": 0.6268229624679025, "referer_leaked_url": 0.5666907031552288, "requests": 1.151155510218439, "requests_failed": 0.5413538991874495, "requests_tracking": 0.6216961553343416, "script": 0.0, "site_reach": 3.0910501953433334e-05, "site_reach_rank": 1060, "stylesheet": 0.0, "tracked": 0.6213039501917057, "xhr": 0.9999190966970348}, "date_range": ["2018-05", "2018-11"]}