{"id": "stickyads", "name": "StickyAds", "category": "advertising", "website_url": null, "ghostery_id": "2348", "company_id": "comcast", "iab_vendor": null, "truste_type": null, "description": null, "privacy_url": null, "domains": ["stickyadstv.com"], "overview": {"bad_qs": 0.008758759239856584, "beacon": 1.2496034911999075e-05, "content_length": 45077.386622514015, "cookies": 0.1851297184547211, "font": 0.0, "has_blocking": 0.7797929503138428, "hosts": 1.0, "https": 0.9931983120740534, "iframe": 1.92246690953832e-06, "image": 0.8622523622312149, "media": 0.00023646342987321332, "plugin": 0.019863889342804687, "reach": 0.0025050012980699873, "reach_rank": 251, "referer_leaked": 0.1500225889861871, "referer_leaked_header": 0.1414224332663674, "referer_leaked_url": 0.09366739399998078, "requests": 6.382907346707295, "requests_failed": 3.4348552863033843, "requests_tracking": 2.273910201570656, "script": 0.11109936270221947, "site_reach": 0.002574403234121661, "site_reach_rank": 230, "stylesheet": 0.0, "tracked": 0.1866484673132564, "xhr": 0.28407140042102025}, "date_range": ["2017-05", "2018-11"]}