{"id": "stripchat.com", "name": "stripchat.com", "category": "pornvertising", "website_url": null, "ghostery_id": "stripchat.com", "company_id": null, "iab_vendor": null, "truste_type": null, "description": null, "privacy_url": null, "domains": ["stripcdn.com", "stripchat.com"], "overview": {"bad_qs": 0.0, "beacon": 0.0, "content_length": 826602.3178903074, "cookies": 0.014137078989399813, "font": 0.0, "has_blocking": 0.027938060138796177, "hosts": 1.0402921313495987, "https": 1.6415519448822842, "iframe": 0.03459070039993895, "image": 0.969957396540697, "media": 0.0012069232660089169, "plugin": 7.397647431618359e-05, "reach": 0.004133775858119277, "reach_rank": 169, "referer_leaked": 0.6237737088775264, "referer_leaked_header": 0.6236642003958615, "referer_leaked_url": 0.007786169544759263, "requests": 79.1688993582104, "requests_failed": 27.739479904611127, "requests_tracking": 0.03190075269606387, "script": 0.0374425808586164, "site_reach": 0.00048352856627156414, "site_reach_rank": 606, "stylesheet": 0.028316097397309583, "tracked": 0.014137078989399813, "xhr": 0.024606206334949168}, "date_range": ["2017-05", "2018-11"]}