{"id": "superfastcdn.com", "name": "superfastcdn.com", "category": "unknown", "website_url": null, "ghostery_id": null, "company_id": null, "iab_vendor": null, "truste_type": null, "description": null, "privacy_url": null, "domains": ["superfastcdn.com"], "overview": {"bad_qs": 0.0, "beacon": 0.0, "content_length": 1.9956132017018464, "cookies": 0.0, "font": 0.0, "has_blocking": 0.9540831922012476, "hosts": 1.0, "https": 0.6056838365896979, "iframe": 0.0, "image": 0.0, "media": 0.0, "plugin": 0.0, "reach": 0.0005829263447653755, "reach_rank": 692, "referer_leaked": 0.0004337229955801561, "referer_leaked_header": 0.0004337229955801561, "referer_leaked_url": 0.0, "requests": 1.024932876203065, "requests_failed": 1.0246891651865009, "requests_tracking": 0.0, "script": 0.999991738609608, "site_reach": 0.0003665102374478523, "site_reach_rank": 671, "stylesheet": 0.0, "tracked": 0.0, "xhr": 0.00030567144450411004}, "date_range": ["2018-04", "2018-11"]}