{"id": "t-mobile", "name": "Deutsche Telekom", "category": "misc", "website_url": null, "ghostery_id": "c_923", "company_id": null, "iab_vendor": null, "truste_type": null, "description": null, "privacy_url": null, "domains": ["sdp-campaign.de", "t-online.de", "telekom-dienste.de", "telekom.com", "telekom.de", "toi.de"], "overview": {"bad_qs": 0.0006789231204182643, "beacon": 0.0003733081673854093, "content_length": 73900.94351797653, "cookies": 0.569432332668347, "font": 0.0021482640672472355, "has_blocking": 0.06045601334750909, "hosts": 1.7398579637084732, "https": 1.599064041762731, "iframe": 0.6587565154718814, "image": 0.80265636137027, "media": 0.00013439094025874737, "plugin": 0.0008401922487287612, "reach": 0.002418803614192459, "reach_rank": 258, "referer_leaked": 0.7834922132893726, "referer_leaked_header": 0.7665071894175596, "referer_leaked_url": 0.3615205886920476, "requests": 8.69450948302294, "requests_failed": 2.0952553029669536, "requests_tracking": 3.2306178399493497, "script": 0.35585128199002125, "site_reach": 0.0003753418094345476, "site_reach_rank": 663, "stylesheet": 0.15214249023425835, "tracked": 0.5697250062715772, "xhr": 0.00952085150099748}, "date_range": ["2017-05", "2018-11"]}