{"id": "tableteducation.com", "name": "tableteducation.com", "category": "unknown", "website_url": null, "ghostery_id": null, "company_id": null, "iab_vendor": null, "truste_type": null, "description": null, "privacy_url": null, "domains": ["tableteducation.com"], "overview": {"bad_qs": 0.0, "beacon": 0.0, "content_length": 37.19182743159885, "cookies": 0.8981237070942499, "font": 0.0, "has_blocking": 0.008920464650435727, "hosts": 1.0, "https": 0.8883420853107186, "iframe": 0.0, "image": 0.0, "media": 0.0, "plugin": 0.0, "reach": 0.0010289688990097793, "reach_rank": 507, "referer_leaked": 0.7141660348394223, "referer_leaked_header": 0.7093758482865781, "referer_leaked_url": 0.03829809141370176, "requests": 1.5909854632931772, "requests_failed": 0.5633605721078693, "requests_tracking": 0.950125429408516, "script": 0.0, "site_reach": 0.004178437496205185, "site_reach_rank": 164, "stylesheet": 0.0, "tracked": 0.8981237070942499, "xhr": 0.9999180964683198}, "date_range": ["2018-10", "2018-11"]}