{"id": "toplist.cz", "name": "toplist.cz", "category": "unknown", "website_url": null, "ghostery_id": "toplist.cz", "company_id": null, "iab_vendor": null, "truste_type": null, "description": null, "privacy_url": null, "domains": ["toplist.cz"], "overview": {"bad_qs": 0.004076055023385275, "beacon": 0.0, "content_length": 19.50126075672264, "cookies": 0.6730258497097406, "font": 0.0, "has_blocking": 0.005583591024620849, "hosts": 1.0, "https": 0.7989974381960603, "iframe": 0.0002383854255851355, "image": 0.9984387433394776, "media": 0.0, "plugin": 0.0, "reach": 0.000717159047238156, "reach_rank": 626, "referer_leaked": 0.6261646471056316, "referer_leaked_header": 0.6168877607550438, "referer_leaked_url": 0.1592381067496651, "requests": 1.4806320235565091, "requests_failed": 0.7513740737383199, "requests_tracking": 0.7351302893864765, "script": 0.0014873907540030285, "site_reach": 0.0014042199458845427, "site_reach_rank": 367, "stylesheet": 3.357541205424444e-06, "tracked": 0.6757622457921615, "xhr": 2.014524723254666e-05}, "date_range": ["2018-02", "2018-11"]}