{"id": "traffic_stars", "name": "Traffic Stars", "category": "pornvertising", "website_url": null, "ghostery_id": "2817", "company_id": "traffic_stars", "iab_vendor": null, "truste_type": null, "description": null, "privacy_url": null, "domains": ["trafficstars.com", "tsyndicate.com"], "overview": {"bad_qs": 0.0005891798797227662, "beacon": 0.0, "content_length": 61032.35944932816, "cookies": 0.13829552762438446, "font": 3.0192233953582463e-06, "has_blocking": 0.7466983713877687, "hosts": 1.0180338213404747, "https": 1.3689801537819872, "iframe": 0.1510340624470288, "image": 0.2685124760780461, "media": 0.010992129747243557, "plugin": 1.3370846465157945e-05, "reach": 0.005582640022440389, "reach_rank": 132, "referer_leaked": 0.08792496108436702, "referer_leaked_header": 0.08782791461808764, "referer_leaked_url": 0.0016459080680981525, "requests": 7.409005135698996, "requests_failed": 5.587009058101502, "requests_tracking": 1.7249530618591429, "script": 0.9491269484234692, "site_reach": 0.0025534282506532602, "site_reach_rank": 232, "stylesheet": 0.08124040048704388, "tracked": 0.1385620819184318, "xhr": 0.2773851110017481}, "date_range": ["2017-05", "2018-11"]}