{"id": "travel_audience", "name": "Travel Audience", "category": "site_analytics", "website_url": null, "ghostery_id": "2944", "company_id": null, "iab_vendor": 423, "truste_type": null, "description": null, "privacy_url": null, "domains": ["travelaudience.com"], "overview": {"bad_qs": 0.00023143736215862988, "beacon": 0.0, "content_length": 345.0014566939853, "cookies": 0.2109619625888311, "font": 0.0015247637977509733, "has_blocking": 0.6272497072998067, "hosts": 1.0, "https": 1.120279358510088, "iframe": 0.14411740681242682, "image": 0.2851988999918316, "media": 0.0, "plugin": 0.0, "reach": 0.00017686922932957122, "reach_rank": 939, "referer_leaked": 0.2353173414654069, "referer_leaked_header": 0.20312032020039755, "referer_leaked_url": 0.13775968633430447, "requests": 9.2333569308683, "requests_failed": 4.512769896806164, "requests_tracking": 3.0786478612464943, "script": 0.9389413782775616, "site_reach": 0.00024286822963411905, "site_reach_rank": 778, "stylesheet": 0.11548724371715632, "tracked": 0.2109619625888311, "xhr": 0.10274457483595176}, "date_range": ["2018-05", "2018-11"]}