{"id": "tremor_video", "name": "Tremor Video", "category": "audio_video_player", "website_url": null, "ghostery_id": "tremorhub.com", "company_id": null, "iab_vendor": null, "truste_type": null, "description": null, "privacy_url": null, "domains": ["tremorhub.com", "tremorvideo.com", "videohub.tv"], "overview": {"bad_qs": 0.006549162196387907, "beacon": 0.0, "content_length": 222.895811253689, "cookies": 0.5633149087193534, "font": 0.0, "has_blocking": 0.28174984917904483, "hosts": 1.029511992304055, "https": 1.0105221394292174, "iframe": 0.1478480159571288, "image": 0.4333914877196415, "media": 5.434989374595774e-06, "plugin": 0.0016304968123787315, "reach": 0.0004430350983205244, "reach_rank": 759, "referer_leaked": 0.29497861331681097, "referer_leaked_header": 0.2378188300641872, "referer_leaked_url": 0.2657546754496095, "requests": 5.897229785915768, "requests_failed": 2.263879604115374, "requests_tracking": 2.960253922703581, "script": 0.004853445511514025, "site_reach": 0.0008643901081977964, "site_reach_rank": 480, "stylesheet": 1.630496812378732e-05, "tracked": 0.5651573701173415, "xhr": 0.4375112096655851}, "date_range": ["2017-05", "2018-11"]}