{"id": "tripadvisor", "name": "TripAdvisor", "category": "misc", "website_url": null, "ghostery_id": "c_1402", "company_id": "iac_apps", "iab_vendor": null, "truste_type": null, "description": null, "privacy_url": null, "domains": ["jscache.com", "tacdn.com", "tamgrt.com", "tripadvisor.co.uk", "tripadvisor.com", "tripadvisor.de"], "overview": {"bad_qs": 0.0037516955238171227, "beacon": 0.015011569456634484, "content_length": 303315.6510891248, "cookies": 0.7307045400143621, "font": 0.1631500837788239, "has_blocking": 0.2613308864597463, "hosts": 1.59996010532195, "https": 1.5373988669911434, "iframe": 0.4735227000718104, "image": 0.6917816963217107, "media": 0.0002888374690816245, "plugin": 8.617250458788798e-05, "reach": 0.0015089049277013616, "reach_rank": 383, "referer_leaked": 0.7553913667916701, "referer_leaked_header": 0.7512135961062795, "referer_leaked_url": 0.21490465171946066, "requests": 23.407273597702066, "requests_failed": 6.345499082422405, "requests_tracking": 4.983505944307028, "script": 0.71697279182957, "site_reach": 0.0023160797535108253, "site_reach_rank": 248, "stylesheet": 0.4663320833000877, "tracked": 0.7313157264820873, "xhr": 0.007295938721774515}, "date_range": ["2017-05", "2018-11"]}