{"id": "trsv3.com", "name": "trsv3.com", "category": "unknown", "website_url": null, "ghostery_id": "trsv3.com", "company_id": null, "iab_vendor": null, "truste_type": null, "description": null, "privacy_url": null, "domains": ["trsv3.com"], "overview": {"bad_qs": 0.0, "beacon": 0.0, "content_length": 16.465722236276246, "cookies": 0.0008854034910194789, "font": 0.0, "has_blocking": 0.0, "hosts": 1.0, "https": 0.9984821654439666, "iframe": 0.0, "image": 0.03756640526182646, "media": 0.0, "plugin": 0.0, "reach": 1.9036786656677514e-05, "reach_rank": 1077, "referer_leaked": 0.15886668353149508, "referer_leaked_header": 0.15886668353149508, "referer_leaked_url": 0.0, "requests": 1.5056918795851253, "requests_failed": 1.4998735137869972, "requests_tracking": 0.0008854034910194789, "script": 0.9618011636731596, "site_reach": 8.831571986695237e-06, "site_reach_rank": 1098, "stylesheet": 0.0, "tracked": 0.0008854034910194789, "xhr": 0.0}, "date_range": ["2017-05", "2018-11"]}