{"id": "tubecup.org", "name": "tubecup.org", "category": "pornvertising", "website_url": null, "ghostery_id": "tubecup.org", "company_id": null, "iab_vendor": null, "truste_type": null, "description": null, "privacy_url": null, "domains": ["tubecup.org"], "overview": {"bad_qs": 0.0, "beacon": 0.0, "content_length": 2410.852132951093, "cookies": 0.8946143291188866, "font": 6.125649318827795e-05, "has_blocking": 0.0002634029207095952, "hosts": 1.0, "https": 0.986339802019014, "iframe": 0.1125710575320984, "image": 0.012863863569538371, "media": 0.0, "plugin": 0.0, "reach": 0.00039308339844792447, "reach_rank": 789, "referer_leaked": 0.960409928452416, "referer_leaked_header": 0.960409928452416, "referer_leaked_url": 0.0, "requests": 1.8742771733803785, "requests_failed": 0.36366142311084976, "requests_tracking": 1.4385964912280702, "script": 0.0001592668822895227, "site_reach": 4.857364592682381e-05, "site_reach_rank": 1031, "stylesheet": 6.125649318827795e-05, "tracked": 0.8946143291188866, "xhr": 0.9691389787317456}, "date_range": ["2017-06", "2018-11"]}