{"id": "undercomputer.com", "name": "undercomputer.com", "category": "unknown", "website_url": null, "ghostery_id": null, "company_id": null, "iab_vendor": null, "truste_type": null, "description": null, "privacy_url": null, "domains": ["undercomputer.com"], "overview": {"bad_qs": 0.0, "beacon": 0.0, "content_length": 1.017200191113235, "cookies": 0.6512183468705208, "font": 0.0, "has_blocking": 0.00844083452779105, "hosts": 1.0, "https": 0.9254658385093169, "iframe": 0.0, "image": 0.0, "media": 0.0, "plugin": 0.0, "reach": 1.5119147915162927e-05, "reach_rank": 1084, "referer_leaked": 0.7203376333811117, "referer_leaked_header": 0.715400541487498, "referer_leaked_url": 0.04698200350374263, "requests": 1.5895843287147635, "requests_failed": 0.5730211817168339, "requests_tracking": 0.6966077400860009, "script": 0.0, "site_reach": 8.831571986695237e-05, "site_reach_rank": 977, "stylesheet": 0.0, "tracked": 0.6512183468705208, "xhr": 1.0}, "date_range": ["2018-08", "2018-11"]}