{"id": "upravel.com", "name": "upravel.com", "category": "unknown", "website_url": null, "ghostery_id": "upravel.com", "company_id": null, "iab_vendor": null, "truste_type": null, "description": null, "privacy_url": null, "domains": ["upravel.com"], "overview": {"bad_qs": 0.005384000465872213, "beacon": 0.0, "content_length": 2641.4908546108113, "cookies": 0.6896814598741087, "font": 0.0, "has_blocking": 0.0010005664582594376, "hosts": 1.0, "https": 1.0687637974938191, "iframe": 0.001964074899546304, "image": 0.9763358091618006, "media": 0.0002594061188080024, "plugin": 0.0, "reach": 0.00045483376447505506, "reach_rank": 754, "referer_leaked": 0.6044850788541661, "referer_leaked_header": 0.6020604257436751, "referer_leaked_url": 0.053882356678119366, "requests": 4.6818092782686485, "requests_failed": 2.2786233476094933, "requests_tracking": 2.239098325507033, "script": 3.1764014547918665e-05, "site_reach": 0.0007385402073873891, "site_reach_rank": 519, "stylesheet": 0.0, "tracked": 0.6917408268172986, "xhr": 0.019757217048805408}, "date_range": ["2017-09", "2018-11"]}