{"id": "vacaneedasap.com", "name": "vacaneedasap.com", "category": "unknown", "website_url": null, "ghostery_id": null, "company_id": null, "iab_vendor": null, "truste_type": null, "description": null, "privacy_url": null, "domains": ["vacaneedasap.com"], "overview": {"bad_qs": 0.0, "beacon": 0.0, "content_length": 94.76581128378538, "cookies": 0.35928846260201786, "font": 0.0, "has_blocking": 0.04606110404437035, "hosts": 1.0, "https": 0.9990795679895078, "iframe": 0.0001303616152199161, "image": 0.00321558650875793, "media": 0.0, "plugin": 0.0, "reach": 0.0006095383566714723, "reach_rank": 679, "referer_leaked": 0.34522915991814873, "referer_leaked_header": 0.34500003950351976, "referer_leaked_url": 0.001307566504175522, "requests": 1.1565484984712138, "requests_failed": 0.7463755520616887, "requests_tracking": 0.40632135323257296, "script": 0.996018045207828, "site_reach": 3.9742073940128556e-05, "site_reach_rank": 1046, "stylesheet": 0.0, "tracked": 0.35928846260201786, "xhr": 0.0011218999612865506}, "date_range": ["2018-10", "2018-11"]}