{"id": "velocecdn.com", "name": "velocecdn.com", "category": "unknown", "website_url": null, "ghostery_id": null, "company_id": null, "iab_vendor": null, "truste_type": null, "description": null, "privacy_url": null, "domains": ["velocecdn.com"], "overview": {"bad_qs": 0.0, "beacon": 0.0, "content_length": 6.9138517621337785, "cookies": 0.025819916939952642, "font": 0.0, "has_blocking": 0.9256378836923236, "hosts": 1.0, "https": 0.6501750682919804, "iframe": 7.083005744317659e-06, "image": 5.902504786931382e-05, "media": 0.0, "plugin": 0.0, "reach": 0.0010198598471602713, "reach_rank": 509, "referer_leaked": 0.02662029658906053, "referer_leaked_header": 0.02662029658906053, "referer_leaked_url": 0.0, "requests": 1.5142002460163997, "requests_failed": 1.445943680660325, "requests_tracking": 0.06184644515746704, "script": 0.9999031989214944, "site_reach": 0.0005067114427366392, "site_reach_rank": 597, "stylesheet": 0.0, "tracked": 0.025819916939952642, "xhr": 0.0003352622718977025}, "date_range": ["2018-03", "2018-11"]}