{"id": "videoplayerhub.com", "name": "videoplayerhub.com", "category": "unknown", "website_url": null, "ghostery_id": null, "company_id": null, "iab_vendor": null, "truste_type": null, "description": null, "privacy_url": null, "domains": ["videoplayerhub.com"], "overview": {"bad_qs": 0.0, "beacon": 0.0, "content_length": 1113.1465186608946, "cookies": 0.0002571585595593919, "font": 0.0, "has_blocking": 0.001813335214264512, "hosts": 1.0, "https": 0.9955254410636666, "iframe": 0.0, "image": 0.0, "media": 0.0, "plugin": 0.0, "reach": 0.0016386035713233293, "reach_rank": 347, "referer_leaked": 0.8843917979644798, "referer_leaked_header": 0.8843917979644798, "referer_leaked_url": 0.0, "requests": 1.310434465712682, "requests_failed": 0.3709372621283324, "requests_tracking": 0.00037618623569831035, "script": 0.9979118724963776, "site_reach": 0.0004934640847565964, "site_reach_rank": 602, "stylesheet": 0.0, "tracked": 0.0002571585595593919, "xhr": 0.0004276179476101888}, "date_range": ["2018-07", "2018-11"]}