{"id": "vimeo", "name": "Vimeo", "category": "audio_video_player", "website_url": null, "ghostery_id": "2727", "company_id": "iac_apps", "iab_vendor": null, "truste_type": null, "description": null, "privacy_url": null, "domains": ["vimeo.com", "vimeocdn.com"], "overview": {"bad_qs": 0.0016062918707021227, "beacon": 0.020064284506547462, "content_length": 18284914.43352726, "cookies": 0.467577035525562, "font": 0.003216687706326837, "has_blocking": 0.003388233440091141, "hosts": 1.574764391373794, "https": 1.5899515239663344, "iframe": 0.5492861563413646, "image": 0.6470270057307766, "media": 0.08835179843950837, "plugin": 0.0005129956153238766, "reach": 0.002933615536880413, "reach_rank": 221, "referer_leaked": 0.8816597090781345, "referer_leaked_header": 0.8773521874953829, "referer_leaked_url": 0.043946897977073615, "requests": 44.5643304709546, "requests_failed": 9.132032759489599, "requests_tracking": 3.2182406466535447, "script": 0.8682602636058749, "site_reach": 0.012825650417678157, "site_reach_rank": 64, "stylesheet": 0.6293840605285579, "tracked": 0.4680333964249541, "xhr": 0.6162103331270407}, "date_range": ["2017-05", "2018-11"]}