{"id": "vodafone.de", "name": "vodafone.de", "category": "misc", "website_url": null, "ghostery_id": null, "company_id": null, "iab_vendor": null, "truste_type": null, "description": null, "privacy_url": null, "domains": ["vodafone.de"], "overview": {"bad_qs": 0.0033362432412313648, "beacon": 0.0, "content_length": 6238.136427309824, "cookies": 0.875902578990465, "font": 0.00042633534319995133, "has_blocking": 0.0027339599786155608, "hosts": 1.0, "https": 1.0568244107436506, "iframe": 0.0012181009805712893, "image": 0.9880896793010808, "media": 4.737059368888348e-05, "plugin": 0.0, "reach": 0.00035581646863697104, "reach_rank": 813, "referer_leaked": 0.5075623769210468, "referer_leaked_header": 0.5074811701890086, "referer_leaked_url": 0.002145211171339437, "requests": 2.3839860324420896, "requests_failed": 0.7250949103680695, "requests_tracking": 1.6092399726604003, "script": 0.010029031406703616, "site_reach": 0.0003698220769428631, "site_reach_rank": 667, "stylesheet": 0.0026121498805584315, "tracked": 0.8777094287783124, "xhr": 0.003870854227148764}, "date_range": ["2017-06", "2018-11"]}