{"id": "vtracy.de", "name": "vtracy.de", "category": "unknown", "website_url": null, "ghostery_id": "vtracy.de", "company_id": null, "iab_vendor": null, "truste_type": null, "description": null, "privacy_url": null, "domains": ["vtracy.de"], "overview": {"bad_qs": 0.0905735941055648, "beacon": 0.0, "content_length": 3883.981261613238, "cookies": 0.4290062289479856, "font": 0.0, "has_blocking": 2.8348542756045332e-05, "hosts": 1.0, "https": 0.9998247544629626, "iframe": 0.0005747022758725552, "image": 0.2132970128367356, "media": 0.0, "plugin": 5.154280501099151e-06, "reach": 0.0009343267412130793, "reach_rank": 540, "referer_leaked": 0.7130586273635597, "referer_leaked_header": 0.6315153326959206, "referer_leaked_url": 0.0964262796145629, "requests": 2.3019171346323843, "requests_failed": 0.9820089839109134, "requests_tracking": 0.983235702670175, "script": 0.983418679627964, "site_reach": 0.0004382667598397511, "site_reach_rank": 637, "stylesheet": 0.0, "tracked": 0.4297793710231505, "xhr": 0.0017112211263649178}, "date_range": ["2017-05", "2018-11"]}