{"id": "walmart", "name": "Walmart", "category": "misc", "website_url": null, "ghostery_id": "c_793", "company_id": null, "iab_vendor": null, "truste_type": null, "description": null, "privacy_url": null, "domains": ["walmart.com"], "overview": {"bad_qs": 0.00032042591999211265, "beacon": 0.0, "content_length": 36433.957013630425, "cookies": 0.6745951541741638, "font": 0.3115525868231002, "has_blocking": 0.0230460180917404, "hosts": 1.0, "https": 0.9525030193980922, "iframe": 0.0008380370215178329, "image": 0.496955953760075, "media": 0.0, "plugin": 0.0, "reach": 9.769054786846237e-05, "reach_rank": 1003, "referer_leaked": 0.49579749081856495, "referer_leaked_header": 0.4938009908555372, "referer_leaked_url": 0.003130314756846023, "requests": 3.1706884227650294, "requests_failed": 1.008651499839787, "requests_tracking": 1.0053732961967907, "script": 0.2974291981957556, "site_reach": 0.0001711117072422202, "site_reach_rank": 870, "stylesheet": 0.030563703137709206, "tracked": 0.6746937467649307, "xhr": 0.004757092504498287}, "date_range": ["2017-09", "2018-11"]}