{"id": "webclicks24_com", "name": "webclicks24.com", "category": "unknown", "website_url": null, "ghostery_id": null, "company_id": null, "iab_vendor": null, "truste_type": null, "description": null, "privacy_url": null, "domains": ["webclicks24.com"], "overview": {"bad_qs": 0.0, "beacon": 0.0, "content_length": 1098262.0411013165, "cookies": 0.00020885547201336674, "font": 0.0015268055195459913, "has_blocking": 0.0006409702416961947, "hosts": 1.0, "https": 0.0, "iframe": 0.00018724973352922533, "image": 0.9739146717368132, "media": 0.034756431308155436, "plugin": 0.0, "reach": 0.0003343404883446732, "reach_rank": 831, "referer_leaked": 0.9754342753435312, "referer_leaked_header": 0.9754342753435312, "referer_leaked_url": 0.0, "requests": 86.26562094892405, "requests_failed": 20.320384294068504, "requests_tracking": 0.011249387837409615, "script": 0.9841701956039524, "site_reach": 0.00024618006912912975, "site_reach_rank": 774, "stylesheet": 0.5117319159968887, "tracked": 0.00020885547201336674, "xhr": 6.481721545242416e-05}, "date_range": ["2017-05", "2018-11"]}