{"id": "woopic.com", "name": "woopic.com", "category": "misc", "website_url": null, "ghostery_id": "woopic.com", "company_id": null, "iab_vendor": null, "truste_type": null, "description": null, "privacy_url": null, "domains": ["woopic.com"], "overview": {"bad_qs": 6.4323504344516685e-06, "beacon": 0.04769159023783616, "content_length": 274232.81726335647, "cookies": 0.8325605578991944, "font": 0.3995165016590104, "has_blocking": 0.08947399454322273, "hosts": 1.0, "https": 1.95371173421528, "iframe": 0.002333871149300214, "image": 0.981554163070804, "media": 2.251322652058084e-05, "plugin": 0.39462684327042136, "reach": 0.0022460446548885574, "reach_rank": 274, "referer_leaked": 0.9601580214090064, "referer_leaked_header": 0.9590366483166004, "referer_leaked_url": 0.055299988743386735, "requests": 41.30626564535236, "requests_failed": 12.149397771190575, "requests_tracking": 1.1434939455501536, "script": 0.9857448393788494, "site_reach": 6.071705740852976e-05, "site_reach_rank": 1008, "stylesheet": 0.9771029765701637, "tracked": 0.8325605578991944, "xhr": 0.08079460969033593}, "date_range": ["2017-05", "2018-11"]}