{"id": "xen-media.com", "name": "xen-media.com", "category": "unknown", "website_url": null, "ghostery_id": null, "company_id": null, "iab_vendor": null, "truste_type": null, "description": null, "privacy_url": null, "domains": ["xen-media.com"], "overview": {"bad_qs": 0.0, "beacon": 0.0, "content_length": 25.87104570193776, "cookies": 0.8083834537397109, "font": 0.0, "has_blocking": 0.0034645752489791183, "hosts": 1.0, "https": 0.8502686094669041, "iframe": 0.8299752833710747, "image": 0.0, "media": 0.0, "plugin": 0.2044208166639388, "reach": 0.004648876727733464, "reach_rank": 152, "referer_leaked": 0.7191114651594979, "referer_leaked_header": 0.7191114651594979, "referer_leaked_url": 1.0359023019820956e-06, "requests": 1.2871541899140408, "requests_failed": 0.3684854693984101, "requests_tracking": 0.9002317313449534, "script": 0.0, "site_reach": 0.017812176750665955, "site_reach_rank": 52, "stylesheet": 0.0, "tracked": 0.8083834537397109, "xhr": 0.0}, "date_range": ["2018-10", "2018-11"]}