{"id": "xfreeservice.com", "name": "xfreeservice.com", "category": "unknown", "website_url": null, "ghostery_id": "xfreeservice.com", "company_id": null, "iab_vendor": null, "truste_type": null, "description": null, "privacy_url": null, "domains": ["xfreeservice.com"], "overview": {"bad_qs": 0.0, "beacon": 0.0, "content_length": 3466.299627173635, "cookies": 0.0006640673174526378, "font": 0.0, "has_blocking": 2.846002789082733e-05, "hosts": 1.0, "https": 1.2681219227594842, "iframe": 1.8973351927218225e-05, "image": 0.12541385623891246, "media": 0.0, "plugin": 0.0, "reach": 0.00025381820367657897, "reach_rank": 880, "referer_leaked": 0.14258473973304495, "referer_leaked_header": 0.1094288072402311, "referer_leaked_url": 0.033364639364013245, "requests": 2.634326588306723, "requests_failed": 0.7453681304607679, "requests_tracking": 0.002011175304285132, "script": 0.4566032008044701, "site_reach": 0.00017883933273057858, "site_reach_rank": 854, "stylesheet": 0.0, "tracked": 0.0006640673174526378, "xhr": 0.5418789310413524}, "date_range": ["2017-05", "2018-11"]}