{"id": "xhamster", "name": "xHamster", "category": "pornvertising", "website_url": null, "ghostery_id": "c_m3", "company_id": null, "iab_vendor": null, "truste_type": null, "description": null, "privacy_url": null, "domains": ["xhamster.com", "xhamsterlive.com", "xhcdn.com"], "overview": {"bad_qs": 0.0002769448537833744, "beacon": 4.884388955615068e-07, "content_length": 3556436.4108831026, "cookies": 0.9538649925586334, "font": 0.36591497548769397, "has_blocking": 0.03718289936351527, "hosts": 1.0601976516834781, "https": 1.9258080855197892, "iframe": 0.03665880442857778, "image": 0.976311690443058, "media": 0.5497985433775257, "plugin": 0.0012269585056505054, "reach": 0.004929769258398113, "reach_rank": 143, "referer_leaked": 0.7566592537923617, "referer_leaked_header": 0.7546771687541731, "referer_leaked_url": 0.014152516998894662, "requests": 79.47875999040707, "requests_failed": 23.01724970803565, "requests_tracking": 52.19060741772614, "script": 0.922770972467188, "site_reach": 0.0013280476374992961, "site_reach_rank": 382, "stylesheet": 0.9548003530436338, "tracked": 0.9538718307031712, "xhr": 0.2550261583450518}, "date_range": ["2017-05", "2018-11"]}