{"id": "xvideos_com", "name": "xvideos.com", "category": "misc", "website_url": null, "ghostery_id": null, "company_id": null, "iab_vendor": null, "truste_type": null, "description": null, "privacy_url": null, "domains": ["xvideos-cdn.com", "xvideos.com"], "overview": {"bad_qs": 0.0, "beacon": 4.892564183103238e-07, "content_length": 24106006.82663786, "cookies": 0.04867269626276592, "font": 0.21403353754896234, "has_blocking": 0.0056597182470138245, "hosts": 1.0368821058379054, "https": 1.85825067346146, "iframe": 0.026749605414698632, "image": 0.9560437356097456, "media": 0.6407018285469378, "plugin": 0.014615067727765987, "reach": 0.004921531863109409, "reach_rank": 144, "referer_leaked": 0.9339953951185908, "referer_leaked_header": 0.9339763141182768, "referer_leaked_url": 5.9200026615549156e-05, "requests": 97.65784586270095, "requests_failed": 25.578543757626285, "requests_tracking": 0.2918028022650615, "script": 0.8269172246636117, "site_reach": 0.0018921642981494548, "site_reach_rank": 289, "stylesheet": 0.8293458935241041, "tracked": 0.04867269626276592, "xhr": 0.8754553754113423}, "date_range": ["2017-05", "2018-11"]}