{"id": "ymetrica1.com", "name": "ymetrica1.com", "category": "unknown", "website_url": null, "ghostery_id": null, "company_id": null, "iab_vendor": null, "truste_type": null, "description": null, "privacy_url": null, "domains": ["ymetrica1.com"], "overview": {"bad_qs": 0.0024327418431597018, "beacon": 0.07541499713795077, "content_length": 118.27804808242702, "cookies": 0.5918717801946194, "font": 0.0, "has_blocking": 0.13823697767601606, "hosts": 1.0, "https": 0.9988551803091014, "iframe": 0.0, "image": 0.5374928448769318, "media": 0.0, "plugin": 0.0, "reach": 1.6826342670991966e-05, "reach_rank": 1081, "referer_leaked": 0.6970520892959359, "referer_leaked_header": 0.6957641671436748, "referer_leaked_url": 0.6316542644533486, "requests": 4.318832283915284, "requests_failed": 1.8435890097309675, "requests_tracking": 2.36519748139668, "script": 0.006010303377218088, "site_reach": 1.5455250976716667e-05, "site_reach_rank": 1088, "stylesheet": 0.0, "tracked": 0.5918717801946194, "xhr": 0.9449055523755008}, "date_range": ["2018-03", "2018-11"]}