{"id": "youporn", "name": "YouPorn", "category": "pornvertising", "website_url": null, "ghostery_id": null, "company_id": null, "iab_vendor": null, "truste_type": null, "description": null, "privacy_url": null, "domains": ["youporn.com", "ypncdn.com"], "overview": {"bad_qs": 0.0, "beacon": 7.706752913794831e-06, "content_length": 131821563.86375745, "cookies": 0.02029444933965972, "font": 0.3220420840087446, "has_blocking": 0.04385656191476845, "hosts": 1.0387110198859917, "https": 1.8180024610230967, "iframe": 0.018113438265055785, "image": 0.9799110640713748, "media": 0.6484590347548868, "plugin": 0.006275865789466924, "reach": 0.0009373173418995953, "reach_rank": 539, "referer_leaked": 0.8382686522687396, "referer_leaked_header": 0.8380811212811706, "referer_leaked_url": 0.00046240517482768986, "requests": 87.06221661627306, "requests_failed": 28.356874038261463, "requests_tracking": 0.04452961833590653, "script": 0.6630890207029072, "site_reach": 0.000266051106099194, "site_reach_rank": 754, "stylesheet": 0.6682679586609773, "tracked": 0.02029444933965972, "xhr": 0.034942417711145764}, "date_range": ["2017-05", "2018-11"]}