{"id": "yume", "name": "YuMe", "category": "advertising", "website_url": null, "ghostery_id": "c_281", "company_id": null, "iab_vendor": null, "truste_type": null, "description": null, "privacy_url": null, "domains": ["yume.com"], "overview": {"bad_qs": 0.0, "beacon": 0.0, "content_length": 907.1296738265712, "cookies": 0.6420047732696897, "font": 0.0, "has_blocking": 0.001988862370723946, "hosts": 1.0, "https": 0.9721559268098648, "iframe": 0.0003977724741447892, "image": 0.9940334128878282, "media": 0.0, "plugin": 0.0015910898965791568, "reach": 6.0534381045898395e-06, "reach_rank": 1095, "referer_leaked": 0.479315831344471, "referer_leaked_header": 0.4789180588703262, "referer_leaked_url": 0.0003977724741447892, "requests": 1.3623707239459029, "requests_failed": 0.7800318217979316, "requests_tracking": 0.6813842482100239, "script": 0.0007955449482895784, "site_reach": 3.0910501953433334e-05, "site_reach_rank": 1060, "stylesheet": 0.0003977724741447892, "tracked": 0.6420047732696897, "xhr": 0.0003977724741447892}, "date_range": ["2017-06", "2018-11"]}