{"id": "zog.link", "name": "zog.link", "category": "unknown", "website_url": null, "ghostery_id": "zog.link", "company_id": null, "iab_vendor": null, "truste_type": null, "description": null, "privacy_url": null, "domains": ["zog.link"], "overview": {"bad_qs": 0.0023961661341853034, "beacon": 0.0, "content_length": 745.7275578586458, "cookies": 0.10915218577105901, "font": 2.9221538221771998e-05, "has_blocking": 0.7641140029611159, "hosts": 1.0, "https": 1.5473583729447518, "iframe": 0.72526396789527, "image": 0.015433842437465909, "media": 0.0, "plugin": 0.0, "reach": 0.0004944074539137719, "reach_rank": 733, "referer_leaked": 0.09165335463258786, "referer_leaked_header": 0.09154133873607108, "referer_leaked_url": 0.05891062105509234, "requests": 12.620957687212654, "requests_failed": 11.238252941634848, "requests_tracking": 1.0585161302890984, "script": 0.01131847580456635, "site_reach": 0.0002384524436407714, "site_reach_rank": 784, "stylesheet": 2.9221538221771998e-05, "tracked": 0.10915218577105901, "xhr": 0.7972853190991974}, "date_range": ["2017-05", "2018-11"]}