{"id": "zononi.com", "name": "zononi.com", "category": "pornvertising", "website_url": null, "ghostery_id": "zononi.com", "company_id": null, "iab_vendor": null, "truste_type": null, "description": null, "privacy_url": null, "domains": ["zononi.com"], "overview": {"bad_qs": 0.0, "beacon": 0.0, "content_length": 135353.71043943948, "cookies": 0.4483163377595187, "font": 0.0019440980118846747, "has_blocking": 0.00841831120240628, "hosts": 1.0, "https": 1.5173868388232703, "iframe": 0.9608979531949232, "image": 0.6025053187587117, "media": 0.01689164404665835, "plugin": 0.0001467243782554471, "reach": 0.00013128785171625157, "reach_rank": 974, "referer_leaked": 0.8348066906316485, "referer_leaked_header": 0.8346783068006749, "referer_leaked_url": 0.001834054728193089, "requests": 4.417009023549261, "requests_failed": 1.7244332770889883, "requests_tracking": 1.2007006089061698, "script": 0.09443547795466216, "site_reach": 0.0001170183288237119, "site_reach_rank": 933, "stylesheet": 0.007281197270926566, "tracked": 0.4483163377595187, "xhr": 0.06795172767955396}, "date_range": ["2017-05", "2018-11"]}