{"id": "zukxd6fkxqn.com", "name": "zukxd6fkxqn.com", "category": "unknown", "website_url": null, "ghostery_id": null, "company_id": null, "iab_vendor": null, "truste_type": null, "description": null, "privacy_url": null, "domains": ["zukxd6fkxqn.com"], "overview": {"bad_qs": 0.0, "beacon": 0.0, "content_length": 36.355614814814814, "cookies": 0.018844444444444445, "font": 0.0, "has_blocking": 0.9116, "hosts": 1.0, "https": 0.8619851851851852, "iframe": 0.012651851851851852, "image": 0.0006518518518518518, "media": 0.0, "plugin": 0.0, "reach": 0.00016253264600629043, "reach_rank": 948, "referer_leaked": 0.01762962962962963, "referer_leaked_header": 0.017614814814814816, "referer_leaked_url": 0.0005925925925925926, "requests": 2.126725925925926, "requests_failed": 2.1025185185185187, "requests_tracking": 0.022444444444444444, "script": 0.9947407407407408, "site_reach": 0.00017773538623224166, "site_reach_rank": 857, "stylesheet": 0.982474074074074, "tracked": 0.018844444444444445, "xhr": 2.9629629629629633e-05}, "date_range": ["2018-08", "2018-11"]}